id,file_name,date
3f9c1e22-8caf-4b6c-bf20-0c2645ff8644,abc-7670.txt,2022-02-26 00:00:00
c00eadb3-00fe-4950-8fc9-96f47551f8f2,abc-8362.txt,2022-02-18 00:00:00
6f043b08-6f63-45ea-a686-7c80efcc7f74,abc-5209.txt,2022-11-08 00:00:00
c0b1e78c-6f2c-466f-8de8-71cf56705237,abc-5049.txt,2022-05-30 00:00:00
6f0e1bad-206d-4238-a7b7-3510895ee5c6,abc-8044.txt,2022-07-20 00:00:00
cdc4d57d-0dd9-4635-98f5-b511fed0e1db,abc-5870.txt,2022-06-16 00:00:00
41616017-892f-42f5-8e4f-066e2f336aba,abc-6432.txt,2022-10-16 00:00:00
c0470cf0-8e18-407a-a9d1-137ddb06a9e7,abc-3031.txt,2022-01-09 00:00:00
762297c4-45e9-4b85-83c8-f2438d555ca9,abc-2704.txt,2022-03-25 00:00:00
12cdef02-5171-4ada-a9d7-064f9fdb11b1,abc-7152.txt,2022-03-13 00:00:00
7297e416-3098-401d-abcc-03e9f48f79f0,abc-1123.txt,2022-11-09 00:00:00
82290671-d5e8-471a-854a-a523b8ff30b4,abc-2463.txt,2022-11-23 00:00:00
ceb4614b-1001-4198-a2a3-483f601ef8a4,abc-1943.txt,2022-05-02 00:00:00
f0164e4d-e937-4de9-8012-3c3b3c1a5de4,abc-4709.txt,2022-09-14 00:00:00
30df83bb-d66b-4c8f-8f74-6786871ba0a8,abc-7197.txt,2022-05-02 00:00:00
af583bf5-2329-4589-b19a-a74100604277,abc-6892.txt,2022-12-19 00:00:00
fcef792a-9d04-4272-a924-e4d3a03b9f49,abc-2959.txt,2022-11-03 00:00:00
f4dc52d1-967f-4ec7-88b2-aafcf8b60df8,abc-2757.txt,2022-11-19 00:00:00
bccc3410-b3c6-49fc-8d24-fecc0ed77a93,abc-3770.txt,2022-02-06 00:00:00
06b1a4b9-0f28-4ce4-8eb9-558171d47582,abc-5445.txt,2022-08-13 00:00:00
5fdb0fe8-565f-47b3-9005-7ae68612b25a,abc-1056.txt,2022-07-21 00:00:00
1582618b-0e7c-47af-84a6-0db3324c4408,abc-9752.txt,2022-05-12 00:00:00
f9122077-9894-4da2-b2f2-f03af7b0a069,abc-4874.txt,2022-05-15 00:00:00
188145d8-dd3b-4502-b2a3-201111b33e67,abc-7431.txt,2022-06-05 00:00:00
02eebf44-4c5d-410f-b2ba-02f016933d66,abc-1095.txt,2022-05-10 00:00:00
745b87e3-2cac-4fd0-8315-d2c70b7fc9c0,abc-9919.txt,2022-11-14 00:00:00
05f053e6-5a91-432b-a213-73d7d2f5335a,abc-7327.txt,2022-06-23 00:00:00
c670f638-88dc-48b0-b672-1f184a8f679c,abc-2538.txt,2022-12-11 00:00:00
4270ada2-4d8d-42cd-be55-2ffa71d6f47e,abc-7974.txt,2022-03-02 00:00:00
da078023-97f6-449b-8d1a-a5d49b4fffea,abc-5893.txt,2022-11-17 00:00:00
506cfe25-43a7-49db-93f1-cc7b1cacc387,abc-8715.txt,2022-11-14 00:00:00
2f366b27-cadf-435b-9daf-d31e4985a0ec,abc-8116.txt,2022-03-03 00:00:00
e524c11d-5aba-4f38-8b1d-747ca03ca0af,abc-7079.txt,2022-03-16 00:00:00
729c8ca6-24a2-439f-9218-3dc69de9638d,abc-3379.txt,2022-04-26 00:00:00
ebcef9c8-8b94-44f1-a940-1be6db17bb2b,abc-5314.txt,2022-05-19 00:00:00
c2a46392-343f-4bc2-b888-a3255ba71369,abc-2781.txt,2022-01-04 00:00:00
49ce142f-e4e0-4e09-8c20-fcadbdbf5891,abc-1201.txt,2022-10-24 00:00:00
7d243b81-bce7-4216-8d7c-0357bef6da9b,abc-7519.txt,2022-06-19 00:00:00
53e211c8-cc4e-4ea4-a9ca-96f73773a0ed,abc-9567.txt,2022-05-27 00:00:00
cb1a8531-de2b-4d66-afb4-3f9902b92824,abc-6340.txt,2022-07-13 00:00:00
1b772356-be7d-4c36-a83b-c21c4996b7bd,abc-4504.txt,2022-10-07 00:00:00
09f83b41-7d6b-4a83-bd28-1909d979350c,abc-2114.txt,2022-12-03 00:00:00
221df540-41db-4d9e-937f-aba6f17062c2,abc-5072.txt,2022-08-25 00:00:00
01988433-2ac7-4590-85fd-be1f04334b29,abc-1069.txt,2022-11-10 00:00:00
8b58e3b4-a308-49f0-8885-d2625a0e7d25,abc-8760.txt,2022-07-14 00:00:00
cd23d5eb-37df-4a1e-8eb5-873cd9421154,abc-7098.txt,2022-02-25 00:00:00
6df38add-8589-4004-a754-f0fb1fa29860,abc-8022.txt,2022-11-11 00:00:00
7b4e304d-8a01-4431-b216-22d521b47777,abc-7290.txt,2022-11-28 00:00:00
382dd8da-4a90-4a39-8c8c-8a759ae3ddc6,abc-4885.txt,2022-06-14 00:00:00
b4d640de-234d-40d7-a360-4a74d75b4dc7,abc-7684.txt,2022-07-03 00:00:00
1be66b1c-94fc-47d5-8d40-91939cb213fa,abc-6517.txt,2022-12-01 00:00:00
462160a7-c847-42b3-aaef-ac932b72694c,abc-6472.txt,2022-08-17 00:00:00
ddf0bc42-9680-4848-bd3d-5799d380d093,abc-2914.txt,2022-09-15 00:00:00
0e736740-4ea9-470b-86c8-6e7010d42951,abc-5422.txt,2022-01-16 00:00:00
30e46c3e-237b-44e1-b7f9-60f134d208f3,abc-2466.txt,2022-04-15 00:00:00
31567706-c045-43a1-9800-11dad82370d0,abc-6888.txt,2022-10-19 00:00:00
3369872a-f0d9-4850-b26f-22e239d92493,abc-8583.txt,2022-07-29 00:00:00
3a8ad3b7-4d39-4e54-a7a3-6303750cf73a,abc-5869.txt,2022-05-27 00:00:00
4589e456-9185-4d5e-8bbb-6236b1305d5d,abc-1275.txt,2022-07-26 00:00:00
e7f2fc51-293e-4bd8-934a-9c4af76008d4,abc-7221.txt,2022-08-26 00:00:00
f77cfc11-4d3b-4c55-8165-0ac3b24c7f42,abc-2194.txt,2022-04-13 00:00:00
a771ab84-e36f-4537-8860-7536197a6377,abc-6995.txt,2022-10-15 00:00:00
4c87dbb7-0baf-4bac-821a-8d9137b9c8c5,abc-1063.txt,2022-08-16 00:00:00
5e1f3ae6-f2ff-4ada-8dc3-11b7724a2051,abc-1157.txt,2022-08-15 00:00:00
317c4764-26f1-4a37-b4d7-4e03737a3691,abc-7858.txt,2022-09-10 00:00:00
bab4ed3b-d7c6-4c7b-a931-d10d4decb74d,abc-8810.txt,2022-01-02 00:00:00
5e4a1d86-2e98-468d-9e33-5202a4ca9787,abc-3104.txt,2022-01-08 00:00:00
7e9254f4-cf2a-4820-bc00-6b63b238e4d5,abc-3236.txt,2022-10-19 00:00:00
fba9cb82-46e0-4e99-91b5-797633bfd5ed,abc-5350.txt,2022-09-30 00:00:00
c7c73acf-f6d3-4892-acb4-2b8c33dd9fdb,abc-5026.txt,2022-12-01 00:00:00
f47c9444-3adc-4f90-b006-ef24c7228cc6,abc-6646.txt,2022-11-18 00:00:00
b5ce1b09-0fb3-4f74-a2f7-65028e437b04,abc-2155.txt,2022-07-10 00:00:00
f72bb0b5-620c-4a20-83b5-ecdee75e850b,abc-4367.txt,2022-05-21 00:00:00
e4bed7d0-b93d-4f78-85ae-20ab156c74d9,abc-6760.txt,2022-05-10 00:00:00
e00ce5b9-dcd6-4bd8-944c-5f69280f0f8a,abc-5749.txt,2022-07-27 00:00:00
559730f1-a8f1-4d19-854b-c1b0539c38c6,abc-5600.txt,2022-07-27 00:00:00
8baee1de-2a60-4712-9856-1794c287403b,abc-4400.txt,2022-12-29 00:00:00
68c1ff63-8aa4-4c90-bf4e-e435375ad10f,abc-7206.txt,2022-02-02 00:00:00
d5ee1042-66d2-459d-81fe-0cf9c5c023fd,abc-2982.txt,2022-06-18 00:00:00
a7a10bb4-b414-4b39-a98f-5f1ad91382a9,abc-6809.txt,2022-02-22 00:00:00
afb60da6-7af2-4c45-b72c-5f3864b694d7,abc-1010.txt,2022-10-18 00:00:00
89f6c850-be32-4cbd-9f80-3331782fb5d6,abc-9429.txt,2022-11-12 00:00:00
fdfb92d8-4cdf-4204-a086-5e85c8e65649,abc-5341.txt,2022-02-24 00:00:00
12135cd9-c28e-42be-b627-ac91e49e4d9e,abc-4521.txt,2022-05-27 00:00:00
b72706f4-269b-4f92-bcc5-992bb8d25d4b,abc-9294.txt,2022-04-23 00:00:00
123b5f6b-d799-4478-8579-bb10a42558d7,abc-3861.txt,2022-12-07 00:00:00
856033dc-2bd4-468c-9fe7-7b7887e3aa44,abc-3659.txt,2022-10-13 00:00:00
5cf56fd8-0c1b-41f9-9911-ee923d0c7e90,abc-6097.txt,2022-10-01 00:00:00
f1b414a3-183e-4bbc-884b-852fc7f9e44f,abc-8906.txt,2022-12-06 00:00:00
deda9f41-2ff1-4cde-a01f-971803919d29,abc-4897.txt,2022-05-16 00:00:00
4c3f72da-3c4c-4557-82eb-833991a6d51a,abc-5550.txt,2022-06-06 00:00:00
063bfe64-3d7d-4724-9a5b-5092a57e3301,abc-3598.txt,2022-06-27 00:00:00
6d850bb8-a493-4a49-90fa-e1f0c03ee072,abc-4198.txt,2022-07-18 00:00:00
e199992f-dfa5-4bf8-8ca8-2f951fe8f21d,abc-7049.txt,2022-10-14 00:00:00
7f6e57fd-9f91-489c-b47f-f34f7e8edeaf,abc-8582.txt,2022-06-06 00:00:00
8dbc450f-61f4-4ddc-8747-6b14af928bf3,abc-1885.txt,2022-10-27 00:00:00
174b762d-6be7-4e73-82e7-3c04d2e81d5a,abc-3837.txt,2022-01-03 00:00:00
1243608b-5ee5-4b70-b923-76b97e2a9f59,abc-7271.txt,2022-12-02 00:00:00
38e87590-5a05-4279-8aeb-8782d4d89b1d,abc-8770.txt,2022-02-14 00:00:00
c971442b-7d11-4fb8-9534-6552a0d74625,abc-6069.txt,2022-01-22 00:00:00
6b215689-4aff-49d4-84e8-85645f1a786b,abc-4868.txt,2022-05-05 00:00:00
72a2a201-4dad-4776-bb71-f44f1c5cabbb,abc-9767.txt,2022-12-23 00:00:00
a59dec57-ff19-41b7-935f-cf347a292bc2,abc-5761.txt,2022-03-06 00:00:00
96667915-dbe2-4c47-8ed1-9e81804e6e16,abc-6712.txt,2022-04-05 00:00:00
5ece9470-e461-42af-89cf-830e2d2c9471,abc-6379.txt,2022-10-31 00:00:00
9fe28ea8-d29e-470f-8af3-fcbf660989fc,abc-3242.txt,2022-09-02 00:00:00
2fdc1095-49ab-4ae4-9ae3-eed88f1dc7d4,abc-2719.txt,2022-02-18 00:00:00
3856b521-9530-4e99-bbdd-aa8c69b6ebf4,abc-8209.txt,2022-10-15 00:00:00
5ddef330-d3cd-4f3a-894b-4b6c727b213b,abc-1902.txt,2022-02-16 00:00:00
db782898-4570-4507-9c87-f822c5e2ac92,abc-9901.txt,2022-01-24 00:00:00
bbc0f99d-48fc-478d-8407-8469e2be3688,abc-9803.txt,2022-03-22 00:00:00
8b6363bb-55fe-4b92-bf1a-6b01ec8d6cff,abc-6581.txt,2022-03-10 00:00:00
c7b107a1-d1eb-4c4d-8a14-02885ff70a56,abc-2327.txt,2022-07-10 00:00:00
1f0da22a-46e1-4a53-b0e8-7b03eccde7f8,abc-2877.txt,2022-08-27 00:00:00
a899d2df-9685-4894-9fa0-95cfce7a9f07,abc-8400.txt,2022-08-16 00:00:00
c4b51d7c-6ecd-4cef-bbf2-3d4a3e2b663b,abc-9162.txt,2022-11-04 00:00:00
687327e0-c1b9-4070-8f9d-14d282559875,abc-3237.txt,2022-05-07 00:00:00
30ac7f96-35e1-471d-9c5f-fcbf66f6068b,abc-4357.txt,2022-05-02 00:00:00
0717ce8c-8e61-4fb9-b44b-689e5198f4d4,abc-1877.txt,2022-09-29 00:00:00
c0e51df7-a906-4ba5-b3ea-557c9a8bed5f,abc-7136.txt,2022-12-21 00:00:00
9874fb47-0480-461e-830f-484656e6d843,abc-6163.txt,2022-10-10 00:00:00
cc8f31aa-b2ca-4742-9483-7afacfcf96c3,abc-4014.txt,2022-01-16 00:00:00
962c4d9a-d75b-4bc0-8c46-75c5137be8b8,abc-8366.txt,2022-06-14 00:00:00
f6246272-1096-40bb-b199-53c108e3e68c,abc-8234.txt,2022-03-30 00:00:00
701afadc-8eeb-4d3e-a8cc-6d85b3a9e4f0,abc-1995.txt,2022-08-21 00:00:00
db31edc0-e008-479f-b146-57051a5c4e9e,abc-7558.txt,2022-07-24 00:00:00
b98df868-eea7-4719-9625-2437bffa1cf2,abc-3985.txt,2022-04-22 00:00:00
26496642-ac39-44b4-bb5b-15cd8b882c58,abc-6535.txt,2022-09-30 00:00:00
3abded95-6f99-48de-89bd-eecedb2fbf28,abc-3630.txt,2022-01-24 00:00:00
c9c17ed1-190d-486d-a28c-81f66bc2a024,abc-7967.txt,2022-04-10 00:00:00
9be554b1-0035-465e-9600-6f19e05665bf,abc-7305.txt,2022-08-24 00:00:00
4dac2a9d-c04b-48d8-adf0-030dddab000b,abc-1383.txt,2022-05-29 00:00:00
0ebba23a-d96b-4be0-ad9b-dcaff0ef8aa3,abc-9869.txt,2022-03-10 00:00:00
37fd4af7-3ed3-46a9-8008-1507553a5941,abc-3102.txt,2022-09-17 00:00:00
5f2353ab-1ba3-4ea0-bf3b-049966c12090,abc-2630.txt,2022-02-01 00:00:00
1edd2dc6-49ee-4953-8fb3-4349d756aaeb,abc-6080.txt,2022-04-03 00:00:00
e96a0dd1-ae9b-468f-8101-63677a146565,abc-6304.txt,2022-08-01 00:00:00
41a85684-3144-4e2f-9619-9050d3372868,abc-3618.txt,2022-11-12 00:00:00
8bdd6340-7c5e-4584-a8d5-fda3b12e3063,abc-7556.txt,2022-11-24 00:00:00
31ba4f63-4faf-484e-90fb-0220ef5a289d,abc-8745.txt,2022-11-23 00:00:00
df904b16-878f-4859-88ee-a9d6e6ebda41,abc-5973.txt,2022-01-06 00:00:00
85c7222c-cd3f-4449-befb-9d21d147b2e3,abc-7474.txt,2022-10-24 00:00:00
5d5c06c6-0348-4723-b670-8c60c299f698,abc-7161.txt,2022-05-28 00:00:00
1409c502-444d-4e6d-976f-d0828b19d6cf,abc-7643.txt,2022-03-27 00:00:00
0af14ed6-0dec-42ce-b4a3-60c0c4afd5a6,abc-9716.txt,2022-08-15 00:00:00
0e05812b-fab8-435b-9bde-914f4979b2da,abc-9324.txt,2022-06-06 00:00:00
5d3ec10c-526c-469a-90c7-45f866c2d0aa,abc-7978.txt,2022-04-25 00:00:00
a95489fb-95df-4000-954c-5e21695afe7e,abc-1604.txt,2022-08-05 00:00:00
b5ef5a2f-0696-4616-8737-637bc5ff3288,abc-6267.txt,2022-01-26 00:00:00
2b13d8be-d4d7-4352-8992-9db8163cf0ad,abc-4857.txt,2022-09-20 00:00:00
a7b73bc1-8866-475c-a9a4-bd261b07e7e0,abc-2293.txt,2022-10-22 00:00:00
f1a789d9-ccba-492f-a9bc-a63d22ee6ead,abc-2274.txt,2022-09-22 00:00:00
8c4e2b1f-63c2-4daa-89a5-a8ca0af419e9,abc-2801.txt,2022-06-27 00:00:00
be0bf349-cb55-4629-81bb-9c79d9b83775,abc-6727.txt,2022-10-13 00:00:00
3e399fed-3eb8-45a9-a69d-752067174749,abc-1030.txt,2022-07-08 00:00:00
220dfeff-42a0-4244-986e-5f3632d0318b,abc-9749.txt,2022-07-07 00:00:00
2f7857a5-d06a-4833-971b-714bc2d6a30d,abc-5178.txt,2022-02-25 00:00:00
a4d82f9a-056d-42ae-a7c6-eb50563499cc,abc-8948.txt,2022-01-22 00:00:00
1145deb4-e65e-4f16-b1b0-679759760e3a,abc-3967.txt,2022-07-30 00:00:00
4dbb17b9-89f2-403f-ab04-007274874c67,abc-2745.txt,2022-06-01 00:00:00
9b8c7a1f-a7e1-41a8-915e-55fdb0192b52,abc-6477.txt,2022-01-08 00:00:00
83df736a-ff5d-4e93-a014-688b6b29fae3,abc-1078.txt,2022-06-12 00:00:00
afe446fd-8532-413e-bf88-70f0aebf030d,abc-8496.txt,2022-04-08 00:00:00
fb114ba5-dd12-46f8-9b12-8dd91b55e086,abc-5518.txt,2022-12-15 00:00:00
46d8228c-0c52-422d-8d43-5ba5c84eb3a5,abc-5132.txt,2022-03-22 00:00:00
2f78691b-6425-441b-b649-3143c3cc8728,abc-9966.txt,2022-06-10 00:00:00
5685122b-62a8-4df6-b40d-d31fb8be1fcb,abc-4082.txt,2022-12-31 00:00:00
d2549733-0250-434c-8305-89342abcba63,abc-6351.txt,2022-05-04 00:00:00
480aa600-81bb-47d3-a926-8dce3cbd1d3f,abc-7224.txt,2022-07-15 00:00:00
82884d3b-a71a-4bd6-9c6b-f3130fb37711,abc-9335.txt,2022-07-14 00:00:00
a8827b87-3c51-402a-bdcd-fff236bae106,abc-7847.txt,2022-09-10 00:00:00
925b654a-2e0c-4c7f-a20c-397de96a46f9,abc-8066.txt,2022-04-18 00:00:00
ee6e2bf1-528b-4c79-a32a-88d72232a8fb,abc-4845.txt,2022-04-19 00:00:00
f349d2ba-ec7d-4800-9bd5-1f3f4709832b,abc-3769.txt,2022-08-06 00:00:00
2725b27a-68eb-4c34-aa27-03b71187f173,abc-7510.txt,2022-07-24 00:00:00
48df4d0f-015e-465f-984d-75cf6f1d3d22,abc-3703.txt,2022-01-16 00:00:00
baf293f4-650d-47fd-b38b-f908f48437ac,abc-2235.txt,2022-07-26 00:00:00
a24c194b-cbd6-4003-856d-fda36dce4faf,abc-7192.txt,2022-07-10 00:00:00
aa9fdde6-bbad-423c-bd17-aabb14e4830c,abc-5324.txt,2022-06-29 00:00:00
5a9a2356-671e-49e8-8808-884c0bec5585,abc-4222.txt,2022-08-15 00:00:00
c149f66e-3612-4ff2-ac20-081c8190bb6c,abc-4770.txt,2022-11-02 00:00:00
853c6c51-3541-4b86-8e5e-555ba39729f0,abc-4208.txt,2022-02-07 00:00:00
52ecbdb8-d4bb-44c5-ace5-08e030a234fd,abc-6653.txt,2022-03-02 00:00:00
44ec2e74-b12f-4612-b251-0ab33a5db00c,abc-9439.txt,2022-01-06 00:00:00
3d32cddc-f4f9-463d-8510-1519409dc30a,abc-9696.txt,2022-04-15 00:00:00
89ab3012-e956-4105-9472-c670e13742bb,abc-7838.txt,2022-11-25 00:00:00
db681f26-db23-4f47-809d-1b8347057a44,abc-5324.txt,2022-01-29 00:00:00
b3ac79cd-2b0a-40fe-90f1-29411c6b4931,abc-5587.txt,2022-05-01 00:00:00
0143cdf8-3a09-4e2a-bf73-807d97370dea,abc-9896.txt,2022-11-15 00:00:00
71c72743-b3da-4228-9811-c73b5be3533d,abc-4171.txt,2022-11-13 00:00:00
4b7cd705-7b69-4472-b29b-9fbe0bc86f93,abc-6586.txt,2022-08-20 00:00:00
aa6857e2-c14a-4a9a-ba7d-e768182d914e,abc-1148.txt,2022-05-22 00:00:00
e433c54c-ab51-495a-b5d7-f15fe310bd70,abc-8116.txt,2022-05-05 00:00:00
9adfa30b-606a-4c3c-8ded-b9216edb4d9f,abc-6363.txt,2022-04-04 00:00:00
a8eecbbd-71fa-4c92-a9de-13e2b36e0c9f,abc-1616.txt,2022-10-30 00:00:00
549b1039-464e-4617-8706-e04356f16b87,abc-4238.txt,2022-10-05 00:00:00
337fdf4e-7729-4bb1-9321-59b40cb660d8,abc-8547.txt,2022-08-14 00:00:00
8f742ae4-fda4-4877-8e38-a4d28b6d81f5,abc-1864.txt,2022-11-16 00:00:00
bd47a521-ae88-4e22-97e5-1c8f272e6d22,abc-1969.txt,2022-03-24 00:00:00
f83540a5-43a3-41bc-be83-71e4951fbb60,abc-2032.txt,2022-03-02 00:00:00
cf8d38cf-f67b-456a-8979-82ada21ad74d,abc-9426.txt,2022-12-24 00:00:00
8830c067-dbdd-492a-bc00-b936d02e78ed,abc-2746.txt,2022-06-12 00:00:00
72fef66a-de8d-4151-b052-dfd5b02e7a5a,abc-1464.txt,2022-09-04 00:00:00
5f54f233-f9ba-4393-9cee-e6b2187cde3a,abc-5455.txt,2022-09-30 00:00:00
ea7f836b-dcc2-4b58-ad66-a238a1f11d53,abc-6891.txt,2022-09-26 00:00:00
19e63d3b-5602-4d83-afbd-9824b51a6228,abc-7262.txt,2022-08-10 00:00:00
a7766b6a-a060-4b04-90b3-d85f7a9f0f39,abc-3217.txt,2022-01-07 00:00:00
95c2300d-7a54-4972-aeab-cd480169dc9e,abc-7932.txt,2022-01-28 00:00:00
1c6f86fc-67d9-4c10-8804-0ac7f5b3404e,abc-2963.txt,2022-06-01 00:00:00
322a9eb2-f727-44c9-9db5-c3ee72fbd612,abc-4132.txt,2022-07-02 00:00:00
1116e751-869f-43db-b22e-2a172fb89bb5,abc-7555.txt,2022-03-24 00:00:00
c218c105-1792-4307-a761-152bc4e47ff3,abc-1333.txt,2022-12-22 00:00:00
09bad4d0-2b48-492c-8c52-d36e780b917d,abc-8533.txt,2022-03-02 00:00:00
1cb6b707-f382-4e3d-bcaa-3b5b7a639966,abc-4758.txt,2022-06-08 00:00:00
697b3813-d927-47dc-a9af-4f148d7f5888,abc-5049.txt,2022-02-02 00:00:00
1e6e1820-6157-4c06-b567-72a2bdf19d7b,abc-7893.txt,2022-06-27 00:00:00
3d861652-20d6-4c2c-9c6a-70219731559f,abc-7913.txt,2022-06-29 00:00:00
db95dc9a-c0d4-48e7-b8ff-6d5c4eabb465,abc-2206.txt,2022-05-21 00:00:00
c1276a3c-f451-4714-b09a-6a7f2436a83b,abc-8290.txt,2022-02-10 00:00:00
eedf14ec-dae3-4eb3-9511-e8faf50d87ee,abc-2814.txt,2022-11-08 00:00:00
53ef393b-66a1-4e07-a18c-70a6dcd35339,abc-4655.txt,2022-03-10 00:00:00
d4ad5b19-ddc8-4692-9ae9-6f746ea8814b,abc-7372.txt,2022-08-01 00:00:00
cc67e343-07d9-4b9c-9519-74852a2142f5,abc-1089.txt,2022-07-24 00:00:00
497ff4b0-eeb0-490d-b17d-5d8a3c19519c,abc-3124.txt,2022-03-22 00:00:00
8b5b56da-9216-4108-b688-3b18648fc404,abc-1135.txt,2022-04-17 00:00:00
32324331-d3af-40da-ae20-a5170095dda7,abc-5006.txt,2022-04-08 00:00:00
7336aa5f-b6bc-4f24-a3a5-b29033a31e14,abc-8662.txt,2022-03-12 00:00:00
fdec4e40-6822-43d1-a0c0-f20f513f51f6,abc-2019.txt,2022-08-30 00:00:00
eafe7658-cfbf-4464-a870-7886ddba3705,abc-4949.txt,2022-08-31 00:00:00
001ce46c-e1c2-428a-9e83-712c49cef114,abc-8220.txt,2022-02-02 00:00:00
a93a82af-4180-4172-9290-a1341430a1c8,abc-3587.txt,2022-09-07 00:00:00
a75f8fc0-f334-4acb-a4ee-d7c2aa33956a,abc-3653.txt,2022-08-19 00:00:00
28450753-2efe-48d2-a047-ebd7bc8aab9f,abc-6368.txt,2022-05-23 00:00:00
415b4858-d0cf-462f-b759-163bc71ef74f,abc-4055.txt,2022-03-13 00:00:00
cbae355e-6de7-474f-9cdf-a36b11aa71ba,abc-2440.txt,2022-12-14 00:00:00
15e414f7-f50e-48ec-b611-45e4c01f450d,abc-4687.txt,2022-07-05 00:00:00
1adcc101-93ef-48c2-94bf-18ac9671bb8a,abc-4877.txt,2022-07-23 00:00:00
6d82d7f9-dac8-4bcb-88a1-544c022d153c,abc-1291.txt,2022-09-03 00:00:00
709c493d-6c64-4108-8622-b2182cea91de,abc-7395.txt,2022-10-04 00:00:00
f58cd4b7-0fbc-47c6-8133-94a4f4cd03f2,abc-1593.txt,2022-12-29 00:00:00
d9c0046b-c114-4e73-847a-c5298009a30c,abc-7765.txt,2022-02-23 00:00:00
1690a9c8-0c03-4e55-a27c-a09016b4915a,abc-7121.txt,2022-09-12 00:00:00
53dee84c-00b3-47b0-bad7-203ced9ed333,abc-1847.txt,2022-10-10 00:00:00
7598230c-403e-4aa6-9be3-f360de9cbd39,abc-9803.txt,2022-01-09 00:00:00
3ae3d971-10ea-4ef8-889a-f4784a6de4e1,abc-6545.txt,2022-11-28 00:00:00
d99d02e0-16c9-48ab-a7af-90b0c0c02fb6,abc-3650.txt,2022-06-25 00:00:00
ffec6ee7-3dc7-4df3-9151-e9f4fef954fa,abc-5339.txt,2022-02-22 00:00:00
9a97d66c-a84e-4c72-86dd-73be1ac7dbec,abc-4452.txt,2022-04-10 00:00:00
190920c7-ecd5-4545-989e-04b83a592de2,abc-7344.txt,2022-12-09 00:00:00
7770631e-eef3-45f6-bcde-8fd41234798e,abc-5367.txt,2022-01-04 00:00:00
0480b5ab-2879-49c8-89b7-70e750bd6421,abc-8061.txt,2022-09-16 00:00:00
67714b3a-ed8e-4d27-9654-a3452c9bd5b6,abc-1686.txt,2022-05-18 00:00:00
9d6ab3d4-6460-447d-a957-dba3c9769a69,abc-3086.txt,2022-04-03 00:00:00
42a815c2-a203-4de6-aad3-31c53719d97a,abc-7022.txt,2022-11-11 00:00:00
58c6879b-459f-4190-a2f5-046bdaf3747d,abc-8003.txt,2022-09-19 00:00:00
a4c8251c-394e-4f35-89ee-a1bee74b8d9a,abc-4279.txt,2022-04-28 00:00:00
a603c32f-0bcc-4600-939b-b8bb6193415c,abc-4484.txt,2022-01-25 00:00:00
15aefb7a-fc39-409f-8d9d-77826ec49329,abc-8449.txt,2022-03-27 00:00:00
19887aea-3afe-4574-9270-838e130fd2e6,abc-1314.txt,2022-09-13 00:00:00
82820872-4f35-4f2f-820d-3c6899324aa7,abc-8152.txt,2022-01-03 00:00:00
c338693d-b2e6-4532-b197-904478c730c8,abc-3667.txt,2022-11-19 00:00:00
e5cc9db4-0c77-4c98-ae9d-c9738f27d2bc,abc-3536.txt,2022-11-07 00:00:00
8a4b4dae-086b-4769-881c-1cfeae404674,abc-7834.txt,2022-01-24 00:00:00
a020fde6-0ece-4160-8294-ce7c02760767,abc-1674.txt,2022-06-04 00:00:00
1912b748-5d72-4516-8226-3266ed93f83b,abc-1116.txt,2022-10-07 00:00:00
2d766007-0822-4af5-b2b2-dc500ed48ba4,abc-6236.txt,2022-08-04 00:00:00
dd7b6bf4-59d5-4e9f-86e8-5b9b8acbd972,abc-6782.txt,2022-08-02 00:00:00
1bfd3dfa-a7d1-4f64-bc54-bfe8fd817626,abc-1553.txt,2022-06-02 00:00:00
f685bf84-af3c-4235-8e5e-82563e7e7c03,abc-1850.txt,2022-05-09 00:00:00
4128a0bb-6fd4-439e-b7e2-9f3cffa5327c,abc-6607.txt,2022-12-10 00:00:00
a72a4067-582b-4eae-aea1-ac09fa326130,abc-4641.txt,2022-05-29 00:00:00
c814e1e2-2497-4fe2-b8c4-4116df206a76,abc-5554.txt,2022-05-26 00:00:00
3160f7a5-db7b-4db8-9f2d-92da390bb266,abc-5997.txt,2022-08-09 00:00:00
a6b0f7a3-9b29-4d01-a3a9-8b717ce4fdf9,abc-1542.txt,2022-09-30 00:00:00
8b95c6b6-dfe4-4c30-bb7d-094b150db424,abc-4241.txt,2022-08-23 00:00:00
2856d705-4af8-4e51-821f-fdb5ec054189,abc-5192.txt,2022-09-03 00:00:00
c9928aa8-1c26-47d2-8ba1-75a30fb0af2b,abc-3764.txt,2022-08-23 00:00:00
723c0375-062c-44dc-b6eb-0fc9df9cafc0,abc-4883.txt,2022-02-08 00:00:00
41f6d98f-3ff3-47ee-8d1b-fdb7bbfcf161,abc-1863.txt,2022-02-01 00:00:00
314b974c-3637-4ac5-bab4-ebbb0b844288,abc-6320.txt,2022-10-04 00:00:00
cdd9e398-6451-4a61-93e6-1148add0798f,abc-2260.txt,2022-12-03 00:00:00
bf39da8f-e3b9-4d14-bf8c-95a4e63c0474,abc-5619.txt,2022-01-05 00:00:00
f8d58408-9e84-470d-8092-b47324870b29,abc-8997.txt,2022-03-27 00:00:00
6a382f80-6430-4fb3-8d0c-d6b143ee909a,abc-6595.txt,2022-08-12 00:00:00
6bf21e6c-628f-4f62-b75d-4623b6dd0de7,abc-2028.txt,2022-09-06 00:00:00
91c8d68d-6208-475e-aebb-68881c58319d,abc-2444.txt,2022-09-17 00:00:00
e5d360f5-6c38-47a3-9051-271e1cf13c15,abc-8037.txt,2022-07-05 00:00:00
2869b168-6794-49eb-85b3-b6058f2f103e,abc-3014.txt,2022-07-06 00:00:00
bac60366-861a-4743-ab23-649aa646cca8,abc-7310.txt,2022-04-07 00:00:00
071b5454-f396-43dd-a565-365a3eaaf1c8,abc-8006.txt,2022-03-10 00:00:00
b3864962-7827-4a57-a5dd-1d13b2fa6509,abc-1344.txt,2022-06-02 00:00:00
965ce5fe-0591-493e-8f03-3fb12ab278bd,abc-2234.txt,2022-12-21 00:00:00
4f8fb639-e3f0-4bd2-902a-0ffcaa8f285b,abc-1545.txt,2022-09-15 00:00:00
f87e8f82-c9bc-4df9-9b68-345d969a9146,abc-8000.txt,2022-11-30 00:00:00
d7e12fce-9a3a-4bac-bb6c-f59ac9f1257b,abc-3414.txt,2022-11-29 00:00:00
c66b3c93-0d8b-4f94-a2f4-61e612956579,abc-3352.txt,2022-04-02 00:00:00
8245baad-7176-4b54-8ba2-29a264c8faa1,abc-9781.txt,2022-12-26 00:00:00
fa443bf8-4fcc-4ba1-8efa-472d387ecaab,abc-5717.txt,2022-10-02 00:00:00
3ece1725-b1b9-41bc-a6bf-ef8936980054,abc-7748.txt,2022-10-13 00:00:00
0833a946-a7e1-4845-8d15-aa13615bfc60,abc-5549.txt,2022-04-23 00:00:00
b3290562-5553-4ef4-85a8-f71e62c028db,abc-8933.txt,2022-12-22 00:00:00
dd614e20-5609-453f-9647-d17d6de2bf72,abc-5529.txt,2022-03-06 00:00:00
d714c1cf-cf3f-4590-9e46-4f004a005eb4,abc-7005.txt,2022-02-04 00:00:00
18868604-efa2-40d8-9c4a-01e88dc74d37,abc-9779.txt,2022-07-02 00:00:00
e1ddf223-428c-4075-aa5c-3957daae7102,abc-2332.txt,2022-11-14 00:00:00
ac7cae00-f46a-4b06-b255-81408e0128a3,abc-3356.txt,2022-08-01 00:00:00
6b674bec-29a7-4160-8dd6-bf2686d2a845,abc-4856.txt,2022-06-01 00:00:00
0e0a1839-1653-4fd6-90d5-8cefafd0af04,abc-4241.txt,2022-11-13 00:00:00
19d2ea9d-7930-461e-8ffa-6166099914d2,abc-7119.txt,2022-01-31 00:00:00
cce175b0-738c-4b8e-8f06-1f8601c9b05c,abc-2166.txt,2022-06-10 00:00:00
6c957d3d-9cc9-4cfe-8b60-5338235f9861,abc-4325.txt,2022-01-02 00:00:00
bb25aebc-fabb-4179-a74a-d2bb2a360b24,abc-6065.txt,2022-04-24 00:00:00
6571a4b8-ca99-4987-846a-37e7da094eda,abc-6878.txt,2022-07-13 00:00:00
fa7b2ef4-9f0f-45f5-8aa9-bf900ac33d9e,abc-9415.txt,2022-10-28 00:00:00
e40a289f-7726-4255-81c3-6d085ff6ba45,abc-4610.txt,2022-09-03 00:00:00
5d590266-9385-42e4-8dd7-6c511d614eac,abc-4631.txt,2022-05-23 00:00:00
fc61d318-bf25-49d7-b2d4-2231c419acb7,abc-4417.txt,2022-01-09 00:00:00
11bfa5b8-0fff-4ad4-a7bb-32f7204aab6b,abc-3193.txt,2022-04-15 00:00:00
96cd2a6f-aeb7-4c13-a206-9d93eacb77b4,abc-1837.txt,2022-03-28 00:00:00
35b6bdd0-8d73-472f-8371-64753c40ec52,abc-3258.txt,2022-11-11 00:00:00
3de3d88f-313a-4dd6-b02d-4c991c4709b0,abc-2697.txt,2022-06-03 00:00:00
24e4acb4-4d90-4709-b5bc-07287f02c3f2,abc-5475.txt,2022-12-21 00:00:00
0285e65d-9610-4c3e-b454-6dddb7103dbb,abc-7532.txt,2022-07-28 00:00:00
a11625fe-073f-4d08-9cd7-95e80ff0fe75,abc-6873.txt,2022-07-08 00:00:00
257854d7-1b8a-4c12-871e-cb4602aab4ec,abc-2913.txt,2022-02-13 00:00:00
60a8c177-7389-4b20-9eb8-c132387faeb4,abc-7413.txt,2022-08-31 00:00:00
0a9fcfdf-d3f8-4827-af2a-db80de2dcaff,abc-4313.txt,2022-02-09 00:00:00
d28a0adc-2bec-4390-926a-bef1e50554f4,abc-1070.txt,2022-11-18 00:00:00
8d732701-f81f-437f-b02a-7f1a014faa24,abc-9446.txt,2022-09-29 00:00:00
1717fe28-84ed-4a2c-8c1e-67260a0f05eb,abc-1949.txt,2022-10-31 00:00:00
0b2b1a60-4d13-46b1-947e-c62dea78e31e,abc-2391.txt,2022-07-27 00:00:00
1f6bbcbb-28a8-4f0a-bb76-7f9d556ba691,abc-8279.txt,2022-05-01 00:00:00
0cd3659c-a508-45b9-b95b-04b8c56f97ae,abc-3525.txt,2022-11-25 00:00:00
3b5fe1f2-b6bb-42a1-8b84-6047753fdfbf,abc-5974.txt,2022-01-11 00:00:00
57f07283-5de0-4f8c-9c2f-9788fa704b26,abc-3596.txt,2022-01-05 00:00:00
acf577cb-413b-4bfa-96ef-23c455bd030f,abc-6977.txt,2022-07-24 00:00:00
c296a3b4-68d6-4966-87c6-d2398d457ed2,abc-2703.txt,2022-10-20 00:00:00
e55e8278-1d65-49af-894f-bab17bd2f1b0,abc-5259.txt,2022-02-09 00:00:00
cb764bcc-75a4-45c2-be2a-41f5510ddaa7,abc-1730.txt,2022-05-22 00:00:00
728ef7ed-ac65-4e0d-ade3-35df1385072b,abc-3533.txt,2022-12-20 00:00:00
760ff2f9-beee-4f56-a677-e73383e89e58,abc-9995.txt,2022-02-02 00:00:00
bd417387-59b9-47ad-b7c6-483f1f93e1c2,abc-3701.txt,2022-07-08 00:00:00
d69360d0-ad3d-4c6d-8212-a0eddf9bdb9e,abc-1927.txt,2022-01-09 00:00:00
1707e406-9d34-425b-98e0-a4596086db2f,abc-2818.txt,2022-01-19 00:00:00
3a2560d8-e0f4-4b45-9683-27ae5a38ba15,abc-9151.txt,2022-08-05 00:00:00
8eb7fe08-d4bf-43b9-ba0c-86ca1f5aeff8,abc-6783.txt,2022-05-05 00:00:00
852819e9-ad56-4e7e-9a80-bd445dbb0766,abc-5064.txt,2022-07-30 00:00:00
8c30b2b1-abab-4787-a186-3b86768e474b,abc-7457.txt,2022-11-17 00:00:00
344d50c8-3b17-4c77-bcb2-5e59e79214d8,abc-2149.txt,2022-12-01 00:00:00
a72464c1-4df6-4cca-b963-5bf5777c514e,abc-5161.txt,2022-07-10 00:00:00
2bb4514b-0e91-49b2-a305-37ee0a34c297,abc-3699.txt,2022-10-26 00:00:00
96f4681d-b8d0-437a-b90d-b19d5449e3c9,abc-1464.txt,2022-10-21 00:00:00
c2df729d-86f1-401b-8057-87427fc7621b,abc-1952.txt,2022-09-06 00:00:00
307330c8-ef5e-4ce2-8fc3-c398714aba1e,abc-9552.txt,2022-10-25 00:00:00
2c3b4884-a1a7-412c-b52b-57644517ac60,abc-2617.txt,2022-05-08 00:00:00
67b447cd-d1aa-48db-b300-f81dbb1a8831,abc-4105.txt,2022-11-05 00:00:00
e6c0c5d6-5db4-4545-ae14-c390d3130e75,abc-8680.txt,2022-01-17 00:00:00
bd082bc4-ed83-4f01-baf1-7dad2d6eedbd,abc-5171.txt,2022-12-01 00:00:00
d9bc4566-5922-4728-b544-f510b5918998,abc-8831.txt,2022-01-07 00:00:00
4eb040d0-40bd-4d6d-886d-2ba86ccdc15c,abc-1718.txt,2022-06-03 00:00:00
50603b83-f6d4-4dd0-b735-409d2175453e,abc-2520.txt,2022-10-17 00:00:00
f692fb0b-3035-4a6f-b619-487876a43f7b,abc-4317.txt,2022-09-02 00:00:00
a5431c80-285d-466c-8c5b-01d51745af25,abc-2493.txt,2022-09-09 00:00:00
7dc316b9-a604-412a-888a-abddf55febfc,abc-7439.txt,2022-01-04 00:00:00
83d4cf68-08b5-43d8-b7da-0cd8c7f6dfe8,abc-7201.txt,2022-11-16 00:00:00
7a517ff7-6598-423b-86b7-f844bd16304d,abc-5674.txt,2022-05-18 00:00:00
32c737b7-e787-424b-bb93-f9b05e2e4b23,abc-4608.txt,2022-07-16 00:00:00
50cdf9f7-61b9-41c0-85a9-91917a00a4f6,abc-9845.txt,2022-08-24 00:00:00
a1ec41a3-b81e-439d-96fb-c8704c15719a,abc-8501.txt,2022-10-27 00:00:00
df06ee87-a464-4054-a41e-773b9decedab,abc-1356.txt,2022-03-26 00:00:00
04564b72-c495-44ee-976f-963b1ef06d19,abc-8927.txt,2022-11-29 00:00:00
fc6de86a-ec24-4f51-b6b7-f25e9a354280,abc-5090.txt,2022-11-08 00:00:00
649c9dbe-dfc4-4c22-b5d3-252d62cddf08,abc-1190.txt,2022-09-09 00:00:00
e824cb86-0937-42e6-ac4c-0bcca19b0658,abc-1764.txt,2022-07-16 00:00:00
84af24c2-f4a4-4c4a-ace0-375f97093099,abc-8587.txt,2022-02-13 00:00:00
6c12a53c-9b00-40ff-9970-6f93fc43411a,abc-3379.txt,2022-07-09 00:00:00
ad411aec-2ebc-45b3-b342-9f48911aa273,abc-2766.txt,2022-03-29 00:00:00
519a71c4-98a8-4877-9a40-9eef352f3311,abc-7686.txt,2022-12-25 00:00:00
05ed6694-f619-4f79-86f5-580fd2eaf2af,abc-9298.txt,2022-07-27 00:00:00
bd245d72-7956-47f6-a6e1-b157a462ffa5,abc-7346.txt,2022-01-13 00:00:00
263ef3e5-e549-44f8-9dc5-7e6e1e5c43f3,abc-1035.txt,2022-09-28 00:00:00
feceff91-18a7-463c-8b1a-8a7ea60bfce2,abc-7405.txt,2022-09-27 00:00:00
44dd88c6-941f-4036-accc-4c539cc9275f,abc-5110.txt,2022-04-30 00:00:00
65edf5d3-e08a-4711-b15a-9bf603a84a42,abc-2095.txt,2022-08-10 00:00:00
269c8bd3-4078-4aa0-8e9e-d33de9f1b884,abc-7005.txt,2022-11-01 00:00:00
ef0ccf7b-c82f-48b5-92ee-3604bb6af181,abc-2512.txt,2022-12-08 00:00:00
5644beba-5f07-4f51-866d-79366521f885,abc-4079.txt,2022-02-20 00:00:00
ed2df4e6-d1c1-47c6-842f-112ae73f9457,abc-5274.txt,2022-12-21 00:00:00
7790be76-3153-43f9-a98c-d960d5e71dec,abc-2045.txt,2022-08-16 00:00:00
e2051a3f-25ec-44d0-8048-07b285615581,abc-6908.txt,2022-11-28 00:00:00
e87a75c1-2ec3-4eb0-a45e-d6ddc945b712,abc-3231.txt,2022-03-03 00:00:00
999d7b17-dcae-476c-b370-a61561820cd8,abc-2869.txt,2022-07-15 00:00:00
90bd43b4-c4e1-430a-a786-385fc39beca7,abc-1115.txt,2022-09-20 00:00:00
58f2b816-5f66-4eb2-8de2-2ba2fcb7102c,abc-2301.txt,2022-04-06 00:00:00
70c2cb23-b870-43a1-b691-40bb4ae3dbc3,abc-9540.txt,2022-07-25 00:00:00
9f8195a9-9202-4b9c-9f2b-bd21804ee3f1,abc-5142.txt,2022-10-31 00:00:00
46616d70-dedc-4b37-ac50-460c5b4569eb,abc-4501.txt,2022-07-10 00:00:00
4e3c970b-a138-459f-9d25-098c4574c485,abc-6277.txt,2022-04-19 00:00:00
c1c93845-a322-4ed1-b599-0f20f1a45f79,abc-7267.txt,2022-12-14 00:00:00
b6307eb5-61fa-40a7-9d39-b0e9ebd36b99,abc-1322.txt,2022-07-31 00:00:00
4a05884c-089c-4473-99b7-ff09890c17ba,abc-6377.txt,2022-03-16 00:00:00
2010d13f-5c21-4339-9131-14025d99095f,abc-7578.txt,2022-08-20 00:00:00
8e7f5860-ce7e-4e08-8d7c-ff2265ca6442,abc-9498.txt,2022-08-10 00:00:00
c57d7552-dd10-4f99-a4f4-9b40b552450e,abc-6915.txt,2022-06-22 00:00:00
ac1b79ca-529c-4d94-8add-de685cf6970f,abc-5897.txt,2022-03-09 00:00:00
47f424f8-4fd0-4cd3-901d-cf2dff67a919,abc-1148.txt,2022-12-12 00:00:00
ccc4af31-2f33-43f8-9d58-a0cf308fc070,abc-4411.txt,2022-08-15 00:00:00
ac461b03-6054-4800-ab0e-b5f0a9486873,abc-7604.txt,2022-09-02 00:00:00
031d6c92-2764-45cc-9879-83d7f2de0d4b,abc-3987.txt,2022-09-28 00:00:00
e1c2789e-d5d8-40b0-96fd-fcef85507428,abc-6730.txt,2022-07-14 00:00:00
7de40fce-7068-4e31-a9f7-792666b82307,abc-5052.txt,2022-06-24 00:00:00
ebbfeb65-a918-466e-8c8a-794eea60f46c,abc-2962.txt,2022-02-17 00:00:00
af244092-e124-4978-b7b3-12ff905307e6,abc-2421.txt,2022-11-24 00:00:00
417f251b-61d3-4436-87c8-8087d44a8d3b,abc-1653.txt,2022-02-06 00:00:00
a29cd352-4049-4e97-83a8-24b472fd0596,abc-8105.txt,2022-07-19 00:00:00
054e1b4c-014d-4d40-89b2-8986f36ed50e,abc-1883.txt,2022-01-08 00:00:00
d2314613-8c24-4047-ae03-5dd1bba9429e,abc-4981.txt,2022-01-29 00:00:00
e5f00b09-58c1-4b5d-bc9d-f33c4d23da72,abc-5246.txt,2022-03-15 00:00:00
980b4ba5-6726-4a78-8b55-eef199f5b36b,abc-8935.txt,2022-09-19 00:00:00
16aee34a-b7a6-48ef-981c-e5bce8d435a8,abc-8679.txt,2022-05-20 00:00:00
fdb71f04-d4e9-4c95-a108-a1e775f2e468,abc-1568.txt,2022-06-10 00:00:00
5a984369-c890-4fa1-b858-67b7282e4e05,abc-4131.txt,2022-11-08 00:00:00
d2711d4f-0081-4951-afd4-e0422781bd4c,abc-2847.txt,2022-12-09 00:00:00
00c4df6d-bef3-469d-a1d2-540ce051ae78,abc-5772.txt,2022-08-26 00:00:00
448cf72d-896d-47be-a587-25d3cb515928,abc-2929.txt,2022-11-04 00:00:00
bb2dcf8f-c9e1-42b0-a872-99e365f988b3,abc-6810.txt,2022-06-16 00:00:00
4baacf27-c86c-44cb-b93b-2bc4b9dd40f7,abc-4486.txt,2022-12-10 00:00:00
c66e26f9-d56e-4637-8339-6d381066be97,abc-3688.txt,2022-05-28 00:00:00
5737d105-f237-491e-b988-1fe4abd3e460,abc-9092.txt,2022-05-01 00:00:00
14c359aa-6493-42ae-9f26-23967ab6f370,abc-9744.txt,2022-02-20 00:00:00
187f3e53-29ac-4889-81d6-ae4094b4de19,abc-7572.txt,2022-05-19 00:00:00
1b6a7933-3e69-4adf-b698-3c668bb4c917,abc-9828.txt,2022-01-25 00:00:00
234398a1-6841-4228-9695-bbbd59b973e1,abc-5700.txt,2022-07-20 00:00:00
8f29b167-069e-40ea-90a6-88f48a02a2c2,abc-7046.txt,2022-01-09 00:00:00
e872fcbd-d0f8-4583-b892-3d020462080f,abc-6650.txt,2022-01-03 00:00:00
4890ce6f-784e-4d23-b223-5a3080892896,abc-1036.txt,2022-04-15 00:00:00
edfa0e62-b2b5-4592-8171-cba40c7f6387,abc-3443.txt,2022-08-08 00:00:00
ae5fd357-0464-4fda-9bd5-89c4571fc5b0,abc-5207.txt,2022-11-07 00:00:00
383e0bbe-a78d-4639-a273-3d5eb8cb5f2e,abc-5763.txt,2022-02-12 00:00:00
c08149c2-592a-493f-8473-94cff56a193e,abc-7304.txt,2022-07-07 00:00:00
e2d42560-dde3-469b-8d35-47e01f668122,abc-7039.txt,2022-11-03 00:00:00
a4bfee9d-7a0e-4d86-8a64-df1e518c2f71,abc-2706.txt,2022-02-21 00:00:00
7c9a5a6e-384c-4b59-960c-779146cceb26,abc-5361.txt,2022-11-14 00:00:00
65dca6f6-0180-4dea-8e55-b9f4b165d38e,abc-8978.txt,2022-03-30 00:00:00
97178335-725d-4773-b445-cf2f7ce20bc5,abc-2566.txt,2022-01-28 00:00:00
1deae78d-6b87-4a11-85e5-661837023407,abc-5896.txt,2022-06-12 00:00:00
41d954da-1368-40c7-889f-a7d6e5338ab3,abc-4640.txt,2022-12-05 00:00:00
02e6896a-50c0-426b-a1fa-b72df3e2aee3,abc-9401.txt,2022-09-12 00:00:00
2464e926-0bd6-42f8-b29c-294455a531b0,abc-8317.txt,2022-07-19 00:00:00
5ab911a9-c6c3-42f7-abd1-af82d33f890a,abc-9785.txt,2022-08-13 00:00:00
4ab8be58-ca0d-495e-8a14-1ecbac962d03,abc-8280.txt,2022-08-28 00:00:00
06b87638-bd44-4db9-814b-13e90a7b2bbd,abc-2626.txt,2022-03-03 00:00:00
81b19214-8d1d-4ae8-a2a8-3f8fdb64a553,abc-3612.txt,2022-06-22 00:00:00
fb2b3be4-1360-4fdf-aac2-a4f0a85e0769,abc-7151.txt,2022-07-16 00:00:00
37c42dc7-f45a-48a4-b8cd-6a8aec11bbfa,abc-7923.txt,2022-07-25 00:00:00
fe7ec2ce-465b-41cc-98ec-21a813d256e4,abc-4109.txt,2022-02-13 00:00:00
39a92a7f-0f07-4c97-8693-dadfd03f3d8b,abc-9282.txt,2022-04-03 00:00:00
8adc505e-7079-4f27-8e0f-772f97c9c4db,abc-7141.txt,2022-08-14 00:00:00
0ef2ed32-c8fd-4ace-be83-7726f46d4ba2,abc-1539.txt,2022-06-10 00:00:00
c54c1c0c-34dc-4192-9246-770b02272830,abc-6803.txt,2022-07-09 00:00:00
109de9ca-8aef-4caf-adb9-98b7411d5a4d,abc-7500.txt,2022-07-06 00:00:00
8ded1e45-d7fc-44e4-9271-323fde6625b7,abc-3668.txt,2022-12-17 00:00:00
09eed149-089e-413b-bec8-f9c549e97753,abc-4807.txt,2022-08-21 00:00:00
bfb7a000-3560-485c-9ed0-13bd384bf540,abc-8383.txt,2022-09-20 00:00:00
00f31fa8-4fd6-4997-988a-9cba6c8cb981,abc-4688.txt,2022-06-22 00:00:00
46c5f666-9514-4e63-9d5b-8d8ef84d178f,abc-1717.txt,2022-09-25 00:00:00
c9e8bb44-5d2e-4476-9b6a-0866e592af87,abc-7915.txt,2022-09-13 00:00:00
115a46ed-1768-467e-8289-46f9da6d144e,abc-7825.txt,2022-09-15 00:00:00
46dc2144-c31f-45ee-8aa0-0a6504d1f7ee,abc-4501.txt,2022-04-13 00:00:00
0d3556b7-b2a1-4d6e-b604-3e46ac6a214c,abc-2781.txt,2022-08-06 00:00:00
dc08e4b1-ff78-471e-a0e8-6ac4a0471685,abc-5661.txt,2022-11-24 00:00:00
afb9cf45-dc28-41b8-a43d-5a13ec7193c5,abc-7688.txt,2022-07-16 00:00:00
561fb41c-1873-4c6f-9709-0f5ffe4b1d98,abc-7102.txt,2022-02-03 00:00:00
f661a074-d640-4890-8385-ac9fc53aa338,abc-1464.txt,2022-02-08 00:00:00
6c9550f6-443c-4a20-9c25-55ddb3d87d22,abc-9075.txt,2022-01-01 00:00:00
9f52ce82-8f26-45f4-b56f-ff17701dffaa,abc-1601.txt,2022-03-11 00:00:00
394c2e5c-4929-4864-84cb-500efb6836da,abc-3748.txt,2022-11-05 00:00:00
be6b98b2-e83a-4151-9f22-c579895a4c0d,abc-9309.txt,2022-01-31 00:00:00
ef537729-3da7-45b6-9580-537d9eb5da33,abc-3731.txt,2022-01-03 00:00:00
584d8a5a-22fe-48a9-b547-74058ec5d955,abc-3331.txt,2022-05-17 00:00:00
82f59326-e4ff-4f58-83be-fa2dbe03d5c1,abc-5599.txt,2022-10-09 00:00:00
89137ca4-7dcc-47ae-8dd4-2274c84a0199,abc-4204.txt,2022-08-05 00:00:00
a7b8c051-3ac8-4829-807f-689c0576b56a,abc-3239.txt,2022-11-01 00:00:00
895f880a-329c-49a1-aef0-f7b94c78c42b,abc-7053.txt,2022-12-27 00:00:00
37b4226d-7fd4-4302-ac90-b003a3e13b06,abc-5638.txt,2022-10-31 00:00:00
6f0a5435-994d-42ff-8b96-9a3c09916371,abc-1917.txt,2022-03-21 00:00:00
0c9b752f-9b75-4c24-8cc7-ebbd5798830a,abc-5965.txt,2022-08-28 00:00:00
1e2b5754-3f43-4b65-9eb5-307d4d3cf6ff,abc-6824.txt,2022-07-14 00:00:00
6d334bd7-9a9f-411c-bde0-f345e30f1909,abc-7715.txt,2022-01-07 00:00:00
dbd40b99-8af2-4c96-a5bd-7c8054c16ca0,abc-9603.txt,2022-08-30 00:00:00
89058835-14dc-48ef-994f-6226ae0caae3,abc-9518.txt,2022-12-24 00:00:00
d1428ed2-56b3-418c-aca1-45c21e36b4f2,abc-7639.txt,2022-12-12 00:00:00
ae09c703-f825-425d-a1a4-0408ab5a5aad,abc-4789.txt,2022-09-04 00:00:00
46a819b9-43d0-41c4-a4db-f069def85d80,abc-6678.txt,2022-07-06 00:00:00
be04e4b3-b452-4afc-a000-3f92442b605b,abc-7682.txt,2022-06-05 00:00:00
5c7a1826-4a6d-45b1-8f91-5f6d5c329ec7,abc-1929.txt,2022-04-26 00:00:00
80b2e36d-46b8-4389-9ad7-51630dc3635d,abc-1628.txt,2022-09-30 00:00:00
a98415f4-4c4c-4a5a-a662-33aa600c2234,abc-7658.txt,2022-05-31 00:00:00
3f08a8b5-3bf5-4e81-b9d9-ae507807c38b,abc-2070.txt,2022-07-24 00:00:00
c3edd8f0-7dca-4c51-88dd-e3538f2a8821,abc-7785.txt,2022-11-08 00:00:00
4856efd2-e547-4bdb-8610-78a5b53e6721,abc-7910.txt,2022-09-26 00:00:00
fb1a7f4e-3e47-479e-b2d3-3b73d610dea4,abc-7007.txt,2022-06-22 00:00:00
ed59733d-87db-45ed-8ffa-29a2020758bf,abc-6252.txt,2022-11-26 00:00:00
48f76a10-caa7-47f3-a914-ae8010886c5c,abc-3326.txt,2022-12-11 00:00:00
5384396c-fc78-406c-8b95-be70891dd2b2,abc-8562.txt,2022-03-05 00:00:00
7d112986-3bc0-4771-a869-2d6bdc8d56a5,abc-7079.txt,2022-04-05 00:00:00
7a4a40d8-5e3d-4577-a0e3-4f71413af57c,abc-6624.txt,2022-04-03 00:00:00
ed192f91-dd8c-44c5-ad6f-406a1761b173,abc-1478.txt,2022-05-28 00:00:00
7b4c76a8-d702-4960-a179-13711715ec63,abc-9856.txt,2022-06-13 00:00:00
7c5977f7-0840-46be-b1d9-74b5168b66de,abc-7458.txt,2022-12-30 00:00:00
234861bd-6bf3-46cd-ab65-178f2fb2d855,abc-1255.txt,2022-07-05 00:00:00
f39e35e2-f006-4e4c-806a-5668c90ddac4,abc-2994.txt,2022-01-21 00:00:00
6e0da0da-e574-45e6-b79d-bc2bcae108c5,abc-1309.txt,2022-10-10 00:00:00
5cbb2f8e-bb6b-47ec-bfab-db6055876a84,abc-1054.txt,2022-03-20 00:00:00
beb7ee51-c472-4065-a0bf-fbd9fcd4370a,abc-8532.txt,2022-06-24 00:00:00
431d3b4b-6788-42b1-9fc9-01cb94fad767,abc-9409.txt,2022-04-25 00:00:00
3a5479be-a8fb-4236-8f58-93303ddc005c,abc-2185.txt,2022-03-12 00:00:00
75ccf3f5-43e0-42d5-b5ab-6a102a9a1d05,abc-8233.txt,2022-04-14 00:00:00
e290bbe3-7db7-46cf-8847-10f13da0d7b1,abc-5500.txt,2022-01-13 00:00:00
bbfd61d5-3e52-404c-bac3-61eaf2dc9255,abc-5466.txt,2022-03-26 00:00:00
9a13bda4-c40d-417c-b74a-5e48bd8bfc8d,abc-8560.txt,2022-09-29 00:00:00
5b00ce4f-4253-47d6-9057-c6e11176d8ef,abc-9379.txt,2022-09-04 00:00:00
70046141-ea16-4df4-828a-75ec943c1faf,abc-6786.txt,2022-06-24 00:00:00
9ea72208-1977-4292-8581-ee149697d6e9,abc-8704.txt,2022-02-24 00:00:00
897359d3-e601-49fd-9018-17ea5ab64815,abc-2102.txt,2022-08-26 00:00:00
d25fe5e2-3a3e-4224-93b2-3f83f92f8f9b,abc-1695.txt,2022-11-25 00:00:00
33eaf25f-cdc9-4232-a5d9-569e7711236c,abc-5264.txt,2022-11-15 00:00:00
357bb5c7-f818-4a8a-8456-e747c0c5dded,abc-2342.txt,2022-12-09 00:00:00
8623ac0a-ad3d-46f5-8cab-2228d32bc507,abc-4409.txt,2022-07-23 00:00:00
376d9a2c-616c-4838-98a1-3e9db7268e65,abc-8196.txt,2022-11-11 00:00:00
27b02227-11b8-4a47-9087-7ddf7e78bcda,abc-2566.txt,2022-05-08 00:00:00
4e1924a5-8b30-411e-b7c0-4bb2878a3523,abc-1780.txt,2022-12-29 00:00:00
e3e905e7-6445-4a6b-820d-e76f411d0634,abc-4814.txt,2022-09-07 00:00:00
f073791f-0b83-426f-98fc-a5f827246040,abc-7023.txt,2022-08-28 00:00:00
3b1bbd5e-076f-4233-89b6-e2d650ddd86a,abc-4606.txt,2022-04-01 00:00:00
8dee572e-1374-4aac-a517-6524204629f3,abc-8352.txt,2022-08-20 00:00:00
24a4b43c-b6f7-4146-9801-1e18008954e8,abc-9255.txt,2022-10-03 00:00:00
081076ee-a08c-4efa-97e5-5aeec855d30a,abc-8700.txt,2022-09-10 00:00:00
e11831f2-f02d-4a56-be74-265846706469,abc-4878.txt,2022-06-12 00:00:00
5edbc166-ce78-4fdd-b9d8-51c1bba41bda,abc-2097.txt,2022-03-16 00:00:00
9a72cc40-2445-455f-95e8-002bfb7cd8ea,abc-4734.txt,2022-03-29 00:00:00
b38113fe-0d2f-4553-a221-bc372ea3e83a,abc-4702.txt,2022-01-07 00:00:00
362f2c2f-d46f-4aca-b9d3-e16d85ff108c,abc-7458.txt,2022-06-23 00:00:00
2a56eab6-fcd3-45ac-99c3-1ddf3a65ca22,abc-3744.txt,2022-09-08 00:00:00
44ada9dc-296f-45ab-bbff-8b96ae78a36d,abc-4001.txt,2022-11-30 00:00:00
7b653c6a-4f27-4d8f-a4e0-7ae41e07ba22,abc-5335.txt,2022-05-04 00:00:00
5254c6da-b46a-46aa-858c-46baa1c8f2a5,abc-8076.txt,2022-07-15 00:00:00
009656d7-2475-472c-8152-2181317e3215,abc-6721.txt,2022-09-06 00:00:00
9a166c00-0ec9-4b9d-9dd9-af506ea66b4b,abc-6547.txt,2022-10-17 00:00:00
40432632-8a30-45cc-b857-19f789dcf662,abc-4793.txt,2022-03-29 00:00:00
769ce704-d2de-45ff-beab-5d9bbd603e02,abc-5330.txt,2022-10-04 00:00:00
7a7317d7-c456-4ee5-b78e-e49cadd64e65,abc-5695.txt,2022-04-04 00:00:00
5dbd48a5-95a1-4a79-b1ae-ff4828a39e9d,abc-5395.txt,2022-06-05 00:00:00
70b26a24-96e7-4b5c-87b5-6a923c782f26,abc-6576.txt,2022-09-14 00:00:00
1f7f7ee1-79dd-44bb-95ef-c0bdf7f4533d,abc-9141.txt,2022-03-18 00:00:00
3d36c475-4ddf-4b6b-9479-585ece3f5d43,abc-5680.txt,2022-04-13 00:00:00
79d6c1cb-8fd5-433e-a314-782a80c1b9d6,abc-3471.txt,2022-10-01 00:00:00
852f6086-952c-4b9e-97f5-4557d089cd5d,abc-6852.txt,2022-07-13 00:00:00
55f5bc9d-18c7-4278-ac27-ccaa29fd5f66,abc-9169.txt,2022-07-02 00:00:00
06e9fd15-c262-40d3-9cfa-9cbb701a6389,abc-2792.txt,2022-03-10 00:00:00
dd97e5de-7bda-408a-b996-cb107d177fd4,abc-9174.txt,2022-12-03 00:00:00
35bf0afe-bb0c-426b-8bad-4cda61723eb6,abc-6931.txt,2022-05-03 00:00:00
552579fb-91e6-4186-95e0-accba63ce6f4,abc-3383.txt,2022-03-12 00:00:00
19ce66e7-da58-456b-b7fe-18915daff3c4,abc-5870.txt,2022-07-14 00:00:00
ab6d814c-dbc2-43fa-8d4c-351095367859,abc-1300.txt,2022-12-12 00:00:00
58c04364-91df-4f3e-9b1f-a66d1db96810,abc-8269.txt,2022-10-13 00:00:00
ef5c6360-7bc5-41ec-ba5f-da5663d69222,abc-8059.txt,2022-04-17 00:00:00
4c64c444-e59b-478e-ac71-56c5eb4e0951,abc-6289.txt,2022-03-29 00:00:00
145c6d23-b02a-40d9-8392-349e812a20a0,abc-1483.txt,2022-10-26 00:00:00
9d35f053-a2e0-4e76-9c00-a62d3337498f,abc-3095.txt,2022-11-16 00:00:00
e6c614c8-3767-4265-834d-06a5fff2a7c9,abc-9633.txt,2022-10-28 00:00:00
8bccd569-ed45-485b-b56c-d795ae19eee0,abc-3910.txt,2022-10-23 00:00:00
4d4acf0c-5f65-45ed-a589-3e6471311f28,abc-9777.txt,2022-02-03 00:00:00
d0204bcb-eec9-4c0c-a6f0-677940b9cf3f,abc-4144.txt,2022-12-21 00:00:00
cfa86812-9c23-429c-9d80-856ffc985a13,abc-9060.txt,2022-10-29 00:00:00
f90495a6-f9fc-4b45-a03f-f229857bb446,abc-4634.txt,2022-03-03 00:00:00
e5294be6-0109-4143-bfda-21a6cc815564,abc-2784.txt,2022-04-10 00:00:00
d4c990f8-791b-4872-8299-a07f14f2ce46,abc-6077.txt,2022-09-13 00:00:00
7f638446-e573-476c-acfb-64fc1f3032e0,abc-9016.txt,2022-12-23 00:00:00
15888830-302e-40ca-b280-23678cebf47f,abc-3234.txt,2022-06-01 00:00:00
0cd319db-a415-42f6-9c46-b11759533566,abc-3372.txt,2022-06-16 00:00:00
e39122be-6d1f-4217-b7be-96b5f8da8cf1,abc-3717.txt,2022-08-11 00:00:00
4948fa12-5053-4e4c-a1e5-593c246adf4c,abc-7873.txt,2022-04-15 00:00:00
2f0c1cbb-7a74-4c1c-8b39-5ff0519ac828,abc-5809.txt,2022-10-11 00:00:00
05e824a5-4f20-4817-9106-67fc4040a419,abc-7736.txt,2022-01-01 00:00:00
ecf66ec5-636a-4481-9288-3dac095b7736,abc-8498.txt,2022-04-10 00:00:00
768726b9-c9c8-4f2a-8c9b-8787dfc82fbe,abc-9379.txt,2022-02-18 00:00:00
7b0bbf0b-491d-4857-a6b0-b27c613b74d2,abc-3903.txt,2022-07-22 00:00:00
e0731321-c291-4976-a37f-85a74a71cf34,abc-9857.txt,2022-11-02 00:00:00
a4e3fe81-7f67-4ee9-8950-77e4a9e8f88d,abc-4893.txt,2022-12-14 00:00:00
9863373e-d76c-444d-8db7-83d1661e9752,abc-3474.txt,2022-11-14 00:00:00
b9a453e6-499d-4a1b-b02b-7053b453051e,abc-9162.txt,2022-01-03 00:00:00
a8ffa073-9b89-465b-b6e2-4567f4cc6b15,abc-9546.txt,2022-11-29 00:00:00
ce6b1f79-c2e3-49ea-8c5a-9f7d1c6a8fd6,abc-6912.txt,2022-09-25 00:00:00
c0c0a9b2-ed20-4ab8-ac62-1fcd56df1f20,abc-4568.txt,2022-03-22 00:00:00
11886870-e857-4da1-9ae5-033c0dac5e0a,abc-5678.txt,2022-08-27 00:00:00
ed13a4ae-66d8-4bf2-ba13-96ad01c8232c,abc-4120.txt,2022-10-28 00:00:00
f0e7441e-20bb-410c-9ff0-ec0c0ce56904,abc-5529.txt,2022-07-24 00:00:00
98e891c9-b231-4c12-b56f-75548732a134,abc-6063.txt,2022-05-26 00:00:00
6651900c-d218-4211-8f97-922b393ca0a7,abc-5827.txt,2022-01-25 00:00:00
0a8638d7-e923-4253-b10f-0ed2de8f23a5,abc-2823.txt,2022-10-21 00:00:00
9c9ec399-2dff-46f2-9cf2-45c4bb1252d5,abc-1397.txt,2022-04-20 00:00:00
79c03de1-ff83-4c62-b0d8-6e29f1e91686,abc-6164.txt,2022-01-27 00:00:00
8a708593-e0de-42e4-b814-3e46c03aa390,abc-2987.txt,2022-01-05 00:00:00
dbf5b572-ff61-43a5-8b1e-14493e85d2b3,abc-9252.txt,2022-12-30 00:00:00
08489040-eae6-4490-a530-ede063f06073,abc-1828.txt,2022-03-05 00:00:00
857163b6-69de-461f-a76d-961f1a6551d9,abc-6686.txt,2022-07-08 00:00:00
2e7bf1df-1cab-4bf1-b27e-a6e849915b0e,abc-8946.txt,2022-08-05 00:00:00
b6ee6614-5594-4ca5-84dd-6a9009876118,abc-2893.txt,2022-01-15 00:00:00
a3dd7adb-7c59-4e52-8765-e0e5a922d7f8,abc-2294.txt,2022-05-04 00:00:00
3a9d821d-1610-4976-92c0-52ce321ce0e4,abc-1616.txt,2022-08-13 00:00:00
fd989e23-d31f-40b5-b594-5eb04477ef08,abc-7937.txt,2022-07-12 00:00:00
c6013297-f298-4236-a07c-5e3d4b41c5f1,abc-8680.txt,2022-12-30 00:00:00
28ddc9ae-d54c-4cd3-a45d-b7e74e0e826a,abc-8720.txt,2022-03-21 00:00:00
66f2d3e6-8d85-4387-a9c5-4394b4f5fa37,abc-7991.txt,2022-07-17 00:00:00
b993af48-e242-4eda-9271-07d8c0a329b9,abc-9895.txt,2022-03-02 00:00:00
1159a275-dfa6-478f-afe8-f6c81386bf89,abc-5619.txt,2022-03-28 00:00:00
82c3999e-8654-43ae-af52-dfa25d3f2812,abc-1712.txt,2022-05-15 00:00:00
6f48eab6-e126-4e05-8054-fe8611286009,abc-9830.txt,2022-03-25 00:00:00
6d2032f2-308b-4eee-a1a6-4e311d04ac3e,abc-5639.txt,2022-08-25 00:00:00
0fd3f2ed-554c-4d65-a3ed-ef0d8f81d280,abc-2033.txt,2022-09-01 00:00:00
177ad857-46b1-4d3d-9f59-c51844102fdd,abc-2909.txt,2022-03-08 00:00:00
36703da1-01d6-40ce-90f9-898bfddf549d,abc-8539.txt,2022-01-04 00:00:00
5ca8cb86-e984-4a71-b9c7-1d437602a538,abc-8183.txt,2022-11-03 00:00:00
d1fa6190-e978-4b5e-af53-96547d8c745f,abc-1842.txt,2022-05-26 00:00:00
e146fcbb-3bd1-4c58-8a36-b71a8f2226e5,abc-7735.txt,2022-12-27 00:00:00
b6dd5e7c-6dd9-4f44-9711-f98bb36efb2a,abc-3792.txt,2022-12-11 00:00:00
85a163e4-d291-4493-83ce-d839bd27dc1a,abc-8241.txt,2022-01-21 00:00:00
c30e60fb-9a1a-4e3c-a6ce-26da6e858e31,abc-3297.txt,2022-01-15 00:00:00
400acf0f-73d2-4873-a73c-21c034c00663,abc-4035.txt,2022-02-09 00:00:00
c485a330-6b1a-4926-8540-4941e51415d9,abc-4058.txt,2022-10-17 00:00:00
6d9fcf29-16e3-480b-b584-6c92e842da1e,abc-7453.txt,2022-12-22 00:00:00
2a9e4014-f441-41d0-be7f-8316a4e5f150,abc-3135.txt,2022-08-20 00:00:00
9439c6d2-8def-4866-bdfc-f2a0ca3b4a07,abc-4049.txt,2022-01-29 00:00:00
95d57219-6845-4989-ba18-be36f721945d,abc-9167.txt,2022-06-13 00:00:00
535d6e57-d4c6-43a5-91b4-e9f57fc3c0ab,abc-9387.txt,2022-05-21 00:00:00
cf21ca5b-eb00-4b40-9e2f-3508adbcccff,abc-2939.txt,2022-04-25 00:00:00
0d84a8d4-dc7d-47a7-b1c9-b36c452969aa,abc-9903.txt,2022-02-17 00:00:00
b934a981-cd8c-4799-9fb6-b71d68eca388,abc-8369.txt,2022-09-05 00:00:00
fcd1d683-666d-43ac-bb6a-c514d4eaf404,abc-9004.txt,2022-05-20 00:00:00
fa9a0e7e-7b53-42d7-b981-becc2be605cf,abc-7039.txt,2022-06-21 00:00:00
f3a60523-2041-4b4c-bf99-a4bf58439239,abc-9015.txt,2022-08-30 00:00:00
d503a2f1-7380-4871-a781-5f7959eb2187,abc-3632.txt,2022-10-15 00:00:00
c2dc17cb-54c8-4a5d-bed8-d0a07a6767f8,abc-2850.txt,2022-12-23 00:00:00
cb61ffbd-2195-41c6-af02-67de6c2a926a,abc-3537.txt,2022-12-15 00:00:00
ad9bd2b6-0d54-46f3-9a26-8df67e2ec64a,abc-6588.txt,2022-01-01 00:00:00
f97af278-3e67-4c54-9680-948f6458ec07,abc-8761.txt,2022-02-01 00:00:00
9afeacae-3014-41e8-a448-184e4b9392b7,abc-1238.txt,2022-04-07 00:00:00
82d891ed-4413-4c2b-8ffc-02ec88e19f40,abc-4160.txt,2022-06-24 00:00:00
eec51b66-56cd-4e13-872d-49853c0ed8aa,abc-7149.txt,2022-12-26 00:00:00
39e79c41-bfe5-4e34-86f3-0e3e35b4d64e,abc-6698.txt,2022-04-07 00:00:00
1d98b67b-da96-43fe-9f91-121db35d6a4d,abc-8641.txt,2022-01-19 00:00:00
1bf7597e-a1b2-45ae-b146-b878bd6a0d30,abc-5894.txt,2022-07-07 00:00:00
ee2fcdac-1c73-4f57-a685-ff8109d05f71,abc-7803.txt,2022-04-06 00:00:00
5d6a1ce2-606a-4e48-9614-20e75bf5ebf2,abc-8115.txt,2022-07-13 00:00:00
868efb71-55d0-4bc4-8830-cb055fda9dff,abc-4391.txt,2022-12-29 00:00:00
aa953906-5408-499e-9c97-658246e36659,abc-8137.txt,2022-06-07 00:00:00
629b8fc0-eb49-4e26-9418-2907ed0dae66,abc-6255.txt,2022-07-13 00:00:00
0ecf9e79-477c-4330-ac18-234f3697d6cf,abc-1089.txt,2022-07-22 00:00:00
82d22a58-a40b-4441-8d64-d8b49f5a298a,abc-1900.txt,2022-03-13 00:00:00
621daa43-40fb-49de-9fde-a1d0d4da2d52,abc-6700.txt,2022-05-24 00:00:00
8e6c7465-c97c-447b-b114-cab6f6ea26b3,abc-5383.txt,2022-07-21 00:00:00
cc920de8-8b3d-4ea2-b6d5-1c993a8fdea0,abc-7218.txt,2022-03-14 00:00:00
55b8d54d-cd73-4889-830c-ea2fff7d4fdd,abc-3315.txt,2022-04-21 00:00:00
4dbb6bf9-2e64-4cbf-b8c9-e3e1954939ea,abc-3845.txt,2022-11-23 00:00:00
4fd1713c-f44f-4027-8342-fa9accf19556,abc-3986.txt,2022-05-29 00:00:00
35beacda-98a5-4f63-a66c-b9c1136704cc,abc-8790.txt,2022-08-24 00:00:00
7a77866d-7d55-481b-a37e-865486480d2d,abc-1905.txt,2022-05-08 00:00:00
a204452c-b7fe-49d0-86c6-b4df90fc8292,abc-6963.txt,2022-10-18 00:00:00
9c1743b7-20ee-4fbd-861a-b504228c4be0,abc-2690.txt,2022-10-20 00:00:00
d95c2151-f0e7-4019-b983-011a70e3e403,abc-8547.txt,2022-12-18 00:00:00
050e3920-8582-44cc-b31a-ffc499976a15,abc-4318.txt,2022-04-06 00:00:00
08ef77a7-0299-4b77-84ce-d0a418cec145,abc-8319.txt,2022-06-18 00:00:00
3270288c-4ea7-4c3f-a726-521b1c349879,abc-8245.txt,2022-05-16 00:00:00
0f0399cc-e501-4dc2-ae0d-989efd67598d,abc-1136.txt,2022-07-26 00:00:00
2845802c-1d04-4b72-84b8-34b119a681b0,abc-3041.txt,2022-09-24 00:00:00
361dff2d-e899-4da7-999a-4607c0fa3273,abc-9483.txt,2022-11-04 00:00:00
5a1a0c68-0899-41b5-b742-e105e8032e35,abc-6667.txt,2022-06-12 00:00:00
07402253-d4a7-48da-9a23-2a6ebfa9d108,abc-4452.txt,2022-10-07 00:00:00
3cc6500e-cfdc-41ce-a2d6-fc77d5d85ac3,abc-9571.txt,2022-06-24 00:00:00
3270be1a-8952-434c-a38d-89ecaa5e05b0,abc-8762.txt,2022-08-14 00:00:00
a9178a34-8f4a-4560-aa29-df8681b6c48d,abc-9672.txt,2022-09-24 00:00:00
6e7111e2-4cd7-4ec5-8323-5eab7cb834ce,abc-2170.txt,2022-07-19 00:00:00
d31af527-8b8f-463b-8616-069a620ce8d7,abc-3691.txt,2022-01-11 00:00:00
f4639c0a-2c23-462e-84e1-bebc2dede2bc,abc-7951.txt,2022-06-06 00:00:00
d8f0bf51-5d3e-48a8-84be-3cfa1b2330ff,abc-8297.txt,2022-06-01 00:00:00
d0380aee-47f0-4909-981a-c72172905dc6,abc-5582.txt,2022-10-05 00:00:00
bfad1532-26e9-429b-b8e9-de377aa0951d,abc-7618.txt,2022-04-04 00:00:00
c2591e09-ca11-492d-81a1-a36c8386319a,abc-5077.txt,2022-01-31 00:00:00
2df4e7dd-e6db-48a6-b858-783855a43483,abc-5226.txt,2022-08-30 00:00:00
955a947d-8190-43bb-934d-4542d8bcc4c7,abc-7340.txt,2022-09-21 00:00:00
c1816a67-143a-4f85-845a-1823e9415019,abc-4497.txt,2022-04-08 00:00:00
bb0d87d2-cf39-4e6d-8009-2ac82d2181a2,abc-2136.txt,2022-12-19 00:00:00
cbb0b186-61ed-425d-b40d-10947e62029f,abc-9923.txt,2022-03-11 00:00:00
8a6e2a87-cea6-4e40-adc0-3283303a3a8b,abc-5615.txt,2022-09-16 00:00:00
2ef6773c-6136-41c9-b939-e8441e057b14,abc-2164.txt,2022-02-21 00:00:00
154b4b7c-60c6-4cc8-92ff-4ff5a198e39d,abc-1260.txt,2022-09-20 00:00:00
42d3f17f-a467-44d9-9f15-4be884e2bbed,abc-4922.txt,2022-07-07 00:00:00
cb9d11ba-39ae-4a6b-b3fc-19f30d043a50,abc-5502.txt,2022-03-25 00:00:00
5ade73ee-c1bf-43c4-97e0-31ff26f67a45,abc-8179.txt,2022-09-06 00:00:00
ce50de9b-1128-4815-8a01-5965f1b6b51c,abc-9993.txt,2022-03-06 00:00:00
404d90ca-6bef-41a9-8cc2-8a824afcde90,abc-5710.txt,2022-04-28 00:00:00
59fb933c-b578-4824-9999-9ce6dbdc99f7,abc-1798.txt,2022-03-27 00:00:00
84617950-30f4-419c-b6d5-95e29921bd0c,abc-3826.txt,2022-12-18 00:00:00
d60dab0f-c9d4-4928-8257-f61a0e8e083e,abc-7266.txt,2022-01-09 00:00:00
d54547c2-9d39-411c-a9ec-2dce3779faa0,abc-5546.txt,2022-05-23 00:00:00
f93383a3-b8fb-485f-bdc1-23c5c3329490,abc-8308.txt,2022-04-28 00:00:00
a29e1402-c535-46ff-b5e1-b1d5214cb216,abc-8705.txt,2022-09-29 00:00:00
b4e667be-29cf-4dcd-b1e5-7cfec5367bfe,abc-3975.txt,2022-12-23 00:00:00
8e37ae2f-ab32-467d-8896-add42af2b71b,abc-8072.txt,2022-07-26 00:00:00
2693def4-5e50-44d5-a1a1-ca510e17a0c3,abc-9627.txt,2022-03-12 00:00:00
14ec4ac3-9f18-43cf-880d-9cead1801bd6,abc-6011.txt,2022-03-07 00:00:00
885bbe10-ab18-41f6-8d74-6c13357ec2d4,abc-6373.txt,2022-04-13 00:00:00
63b5b237-7ec2-49aa-b5d9-88bb0b75f6a4,abc-7325.txt,2022-02-21 00:00:00
6d336494-849d-4cf2-9f81-937a1b2735bc,abc-1136.txt,2022-10-21 00:00:00
f9ea84c7-200f-4029-8826-3033412fa9ed,abc-6326.txt,2022-04-25 00:00:00
724e9861-4dca-4118-bb99-77bca4aeaf83,abc-8208.txt,2022-10-20 00:00:00
2a5e31d2-2d6d-45a6-801b-f79039f7c602,abc-2509.txt,2022-03-01 00:00:00
ee127961-d4a4-4a4e-b3f8-c29b49e2f5f1,abc-8181.txt,2022-04-24 00:00:00
b3845b8f-4107-41c4-9ec0-01aa5778ef7f,abc-9490.txt,2022-02-09 00:00:00
48a4e5e6-11c8-4717-a0c2-71ef6ecd429e,abc-4994.txt,2022-08-23 00:00:00
8f4323a7-5f5b-443e-bf70-c87871dbd261,abc-5757.txt,2022-04-15 00:00:00
a57136b6-b15f-4c93-9923-4006af0ed48e,abc-2655.txt,2022-11-03 00:00:00
e412e862-8663-40c2-ba56-facf6bc5ae42,abc-3066.txt,2022-05-06 00:00:00
c32d1daf-aeb6-4395-9d70-b9290646d487,abc-5189.txt,2022-02-08 00:00:00
dd055e2f-7e84-4cd6-ba5e-4c42163faf7a,abc-1751.txt,2022-01-02 00:00:00
6cc4a7a7-1097-4089-8fd8-354ba19127a6,abc-1044.txt,2022-09-24 00:00:00
a04948a5-c6ee-446e-b516-41869ff5131c,abc-3082.txt,2022-05-30 00:00:00
63a699fc-0ea8-4eab-b528-d8936e15a55e,abc-8292.txt,2022-08-29 00:00:00
73223b9b-04aa-458c-ae83-6cb7a7ba23d5,abc-6140.txt,2022-03-31 00:00:00
8f0b8c33-3871-4558-ab28-a0d31d05da87,abc-7000.txt,2022-05-26 00:00:00
7598e297-d9a5-445d-b332-a38f470f8808,abc-3259.txt,2022-06-23 00:00:00
7c7af3d1-0271-4d1e-90fc-86f841c34a3d,abc-3131.txt,2022-03-01 00:00:00
a7ae852a-d5ed-47ac-aa6d-e01266a6d47a,abc-2046.txt,2022-08-10 00:00:00
95c57261-836a-4149-b8f1-1ef64d421594,abc-9799.txt,2022-07-10 00:00:00
78188f1f-3e00-4513-b213-3e151532623f,abc-9459.txt,2022-01-07 00:00:00
29df7372-58d2-474e-a33e-cce69d40e447,abc-3666.txt,2022-10-27 00:00:00
71d33a7c-6bd0-4bc3-8616-917c3245f825,abc-1980.txt,2022-07-14 00:00:00
6aac5640-3262-40e0-ad56-ac836ff6f0fa,abc-6517.txt,2022-03-05 00:00:00
d98a9af0-8bb4-4eb2-aa28-896f5cb5dd93,abc-5366.txt,2022-04-15 00:00:00
f2fc8604-5688-4a12-9d70-46ab3f5d84b0,abc-2532.txt,2022-09-06 00:00:00
6dc73ef5-b664-4512-84b8-ec32f3d182ab,abc-5013.txt,2022-10-28 00:00:00
2c3a2ced-e9dc-4493-87de-c291f6725d2a,abc-1722.txt,2022-10-08 00:00:00
26431965-df39-41b8-8450-46c0eba0e8ea,abc-4655.txt,2022-03-02 00:00:00
861c297e-48ae-49c4-8530-6b3fceff6a59,abc-4873.txt,2022-09-27 00:00:00
92c72aae-3451-4dd2-a017-c5cf4ee946a4,abc-3651.txt,2022-09-16 00:00:00
64c84049-9274-4333-bb7c-bb35d58f7cb9,abc-9530.txt,2022-01-18 00:00:00
16952888-cd7a-4388-8376-13057b273ae1,abc-3700.txt,2022-07-22 00:00:00
168dd325-b9da-4edc-96c6-ec1855d8a23b,abc-3885.txt,2022-08-06 00:00:00
ec045e54-5c0c-4810-a518-d1237e3b9a86,abc-4095.txt,2022-09-13 00:00:00
cc535097-f791-4a8a-bfe9-cd3fafc3e13e,abc-1469.txt,2022-12-29 00:00:00
8a9f178c-62a1-49a6-b3f7-f8a6a3d259ab,abc-8240.txt,2022-01-10 00:00:00
c3900121-cd87-4c31-af5f-fade3cbf14a5,abc-8517.txt,2022-06-27 00:00:00
af1cbcf0-14c9-4e1a-b50e-49e54088dd66,abc-3142.txt,2022-03-22 00:00:00
750ca7ce-e602-4a64-ab3f-ce2ff39c88f9,abc-9063.txt,2022-08-29 00:00:00
dc74fff0-eb6f-4ad7-a640-408190449998,abc-2314.txt,2022-01-01 00:00:00
f83ad656-7bf4-4349-baac-3f3219b3e0e7,abc-7122.txt,2022-01-11 00:00:00
e48710f5-1219-44dd-b999-2f8e0212b83f,abc-3934.txt,2022-10-19 00:00:00
777a3786-eb24-4fe0-8649-3718ddf9bb94,abc-7019.txt,2022-12-31 00:00:00
02a359d8-490f-4663-b240-05b889b442a8,abc-9479.txt,2022-06-07 00:00:00
13d17af2-768f-4560-91f4-f683ea7f4505,abc-7593.txt,2022-07-07 00:00:00
0cf86fc2-89a8-4f22-a88b-16721cb418d7,abc-3189.txt,2022-07-25 00:00:00
93a31bec-d1fd-41cc-98a1-a01ba35b5139,abc-7366.txt,2022-08-03 00:00:00
ad542b84-63e4-44af-858d-47750aad4bfb,abc-9892.txt,2022-02-01 00:00:00
3047f30e-e706-4de6-aeb3-f6d1d59a60d9,abc-4871.txt,2022-02-05 00:00:00
251a65d4-25f4-466c-88af-84244e680aae,abc-5303.txt,2022-02-26 00:00:00
0d3e499c-cc1f-48ae-8d5f-49e21ad1e662,abc-3076.txt,2022-07-03 00:00:00
52979d0d-39e1-4ce3-bc53-0b4af61140b8,abc-4695.txt,2022-05-12 00:00:00
0548430d-51a8-4e6a-96d8-c2d6671ded75,abc-7485.txt,2022-01-15 00:00:00
dde2f91e-50ed-4505-8e1d-89b7b968e913,abc-1124.txt,2022-08-26 00:00:00
7597400c-2b0c-4d8c-b8d5-119ae4e81d17,abc-8785.txt,2022-04-12 00:00:00
9502017b-f070-4930-9644-cb8440e5dd74,abc-9830.txt,2022-09-23 00:00:00
ba4417b7-8fee-4a84-ae4f-e65ca3b4e625,abc-6919.txt,2022-05-04 00:00:00
2a930350-7cf2-49ee-a5e3-3b82c8225a04,abc-5308.txt,2022-11-06 00:00:00
c0555008-1d2d-4447-a8b4-144a7352de2d,abc-1053.txt,2022-04-10 00:00:00
add57bb1-92af-40db-b7a4-0d92abd07db4,abc-7277.txt,2022-02-10 00:00:00
8baa59cd-addb-47e5-9e62-c076a554ef36,abc-1190.txt,2022-12-28 00:00:00
bbdfaf3b-902f-4e3b-972d-1a2d30965a5b,abc-5115.txt,2022-06-04 00:00:00
9b0dd930-c44a-433e-ae08-0388e42f3a90,abc-7954.txt,2022-08-21 00:00:00
348e58fe-4da5-42c6-89e2-77562973c791,abc-5813.txt,2022-07-27 00:00:00
5a783daa-4836-4fc8-8f49-79c3b03586f9,abc-7215.txt,2022-05-30 00:00:00
cf2f0c47-dbe4-433d-9fa1-ae70357d6504,abc-2015.txt,2022-08-21 00:00:00
f017a9f5-86be-47f4-a1c7-26f3fe0348c2,abc-4876.txt,2022-09-13 00:00:00
abf40c59-b8d2-47f8-b307-cecdc1c13dd3,abc-3353.txt,2022-04-07 00:00:00
87e1d8fe-969d-4be8-ac1f-9f222d3aeaf5,abc-8323.txt,2022-01-29 00:00:00
4939eda8-c0c9-4071-b75f-95bac9b60f40,abc-7419.txt,2022-10-16 00:00:00
fa9172cc-4a22-406b-90da-e0db6f6e96d0,abc-8556.txt,2022-04-17 00:00:00
4c0a079d-a57d-4f09-a659-65c301276004,abc-5747.txt,2022-09-17 00:00:00
d687776d-fd22-4189-80d2-53598a46bfaf,abc-9018.txt,2022-02-02 00:00:00
69af00bb-62fb-40ee-a705-7d32edb40894,abc-3083.txt,2022-12-04 00:00:00
0fa07407-3157-4ecc-98ab-cb2d6ee0ba2c,abc-7745.txt,2022-12-24 00:00:00
96d4d0f8-942f-41b8-9175-543fb4121be1,abc-5081.txt,2022-04-11 00:00:00
41b32513-0109-4860-9df0-8b3e6968be97,abc-6274.txt,2022-10-26 00:00:00
a9f355d9-8c39-4754-8968-6b410577e135,abc-9799.txt,2022-05-23 00:00:00
17c1cc8e-9f45-4196-8af0-35a26bc2f5f6,abc-6302.txt,2022-12-23 00:00:00
cdbae1e8-c7ad-41a5-a0f6-f35a0be1e707,abc-1262.txt,2022-01-22 00:00:00
017ce693-18ac-4025-9c98-8f442f847ba2,abc-3488.txt,2022-01-13 00:00:00
67836332-cc06-4cd7-b3c3-51f64e44ea17,abc-2902.txt,2022-07-09 00:00:00
947a57a8-eadf-4f43-8e79-8c0f8aec1491,abc-4789.txt,2022-06-19 00:00:00
cb7bedc8-cb8e-456f-9271-1e083a4a39f5,abc-2007.txt,2022-10-25 00:00:00
f08645f3-004d-47e7-b541-97230f496a7f,abc-2671.txt,2022-03-16 00:00:00
ceaf019f-e40d-47da-90fe-421a9fc33179,abc-1746.txt,2022-03-26 00:00:00
ba724947-3d9a-4cda-a5ca-d28271c49555,abc-7507.txt,2022-12-08 00:00:00
30abcc87-69ce-48bf-bed5-304a50bc9ecd,abc-6962.txt,2022-09-18 00:00:00
ecdefda0-a289-4e8b-a7fe-f7adacdc6b0b,abc-1547.txt,2022-10-09 00:00:00
da40f398-753a-4598-a0cf-94dce8d7cb28,abc-1260.txt,2022-07-16 00:00:00
ca6a5202-d7c2-4f12-99e3-48761350a1d0,abc-7561.txt,2022-09-28 00:00:00
9362c835-4e8b-4ab5-83b8-5eb35d6cac5a,abc-9806.txt,2022-06-09 00:00:00
84707fcb-68c3-4c22-bba0-045a9f94fb06,abc-9302.txt,2022-04-29 00:00:00
52189bb5-98b4-48b6-8ab4-89acb2a14821,abc-3473.txt,2022-07-17 00:00:00
df764933-1d13-423e-ab8f-ee00e2249076,abc-7205.txt,2022-11-22 00:00:00
a04dd595-a1d2-42cb-8c61-ea0ba128f739,abc-1208.txt,2022-10-07 00:00:00
70366194-b75e-4112-ac27-6249196c0c00,abc-3805.txt,2022-08-20 00:00:00
d8a9fb67-7ed5-4917-9211-a3c39bb1e5a6,abc-6856.txt,2022-10-05 00:00:00
f8cddc08-7beb-432f-9986-fd7c86d3613c,abc-1247.txt,2022-04-03 00:00:00
81499f41-c933-42c4-b300-cb2d4faa56e8,abc-8558.txt,2022-11-26 00:00:00
1bde11f5-1ad6-410e-89aa-ccdd9a773695,abc-9164.txt,2022-01-23 00:00:00
0ba9b06f-38c8-4da5-934b-f362d100416c,abc-4165.txt,2022-06-24 00:00:00
9a5fb8c2-457a-4938-8ef9-7c52a275c8fc,abc-6268.txt,2022-06-19 00:00:00
5488e612-8ebd-4a20-a7d3-4531bba93074,abc-7198.txt,2022-11-30 00:00:00
1dc4657c-4e58-4504-95a1-c82ef8b3c13b,abc-8868.txt,2022-05-23 00:00:00
3767ac32-1549-4eee-9d5b-8e4a7c6bb195,abc-5216.txt,2022-11-01 00:00:00
3c3dfa6f-9d4c-4455-a8e8-7c9e78dfda5a,abc-4784.txt,2022-08-29 00:00:00
41d5212c-c712-4400-9d79-17b398926a49,abc-2969.txt,2022-05-30 00:00:00
000649f9-c6c7-4902-a1a4-6b8d0b6519dc,abc-7896.txt,2022-04-25 00:00:00
3f92e387-300a-46c9-9933-285176f624b1,abc-4506.txt,2022-06-11 00:00:00
8505d9e9-5040-4eef-adcc-a93e7aa66b47,abc-9435.txt,2022-07-11 00:00:00
f569945f-8439-4470-9a73-60e11047249e,abc-3723.txt,2022-09-19 00:00:00
6d6a9b1a-a1e0-4a28-9d58-fda6779637f7,abc-8310.txt,2022-07-24 00:00:00
ed7ec254-230c-42a7-be36-a31ed65920f1,abc-9266.txt,2022-06-25 00:00:00
14ecd076-b129-4831-9389-11f9a1e92e0f,abc-2052.txt,2022-06-20 00:00:00
6a1583c6-81c4-4f79-a537-19435a6da091,abc-5056.txt,2022-01-31 00:00:00
4c6e7288-6bb8-4f2b-9d0c-d32b481f7881,abc-9612.txt,2022-02-07 00:00:00
d0a8b6e1-bd2c-4bd6-82e0-935e5668ee99,abc-9463.txt,2022-08-10 00:00:00
4afd33e8-988b-4b86-a5e3-db526c6cf390,abc-5265.txt,2022-09-30 00:00:00
394cdb59-8d90-4d56-85ef-2120afe1a4f5,abc-1549.txt,2022-09-18 00:00:00
e3c15791-9d7e-4051-89ea-01aef77213e3,abc-2767.txt,2022-10-07 00:00:00
6cb6ac64-aeff-4436-8f9a-f767b20090e0,abc-6545.txt,2022-11-16 00:00:00
436a9879-3a8a-4862-8092-0f5a98c36d88,abc-1727.txt,2022-05-16 00:00:00
8634ac28-1048-4439-bb88-a4c756fa19f6,abc-5927.txt,2022-07-12 00:00:00
a0b5b1f0-8a3e-47fc-a859-19d38b74977f,abc-7968.txt,2022-05-25 00:00:00
da16ea6f-1361-49ba-b714-85c3270a3257,abc-8108.txt,2022-01-23 00:00:00
32b7a6e4-27ab-4fd2-89e7-cb1bfce44046,abc-3951.txt,2022-02-11 00:00:00
62882bbd-9863-4101-98c2-a6e1d28a7bf4,abc-1625.txt,2022-04-25 00:00:00
c5b92d90-8afd-47a4-b63e-44722897ba04,abc-4856.txt,2022-05-12 00:00:00
253cc3ff-1505-422f-918e-be8515d13f39,abc-4303.txt,2022-06-20 00:00:00
aff790b3-aae9-420b-8c1f-ca19457dad0e,abc-1303.txt,2022-07-04 00:00:00
86f16021-9939-4d04-b54e-34df52ad4dff,abc-3914.txt,2022-10-02 00:00:00
70899940-25ef-48f4-9346-a44d9e198ced,abc-8934.txt,2022-05-30 00:00:00
26c8c8aa-32e2-409d-a44a-e55bd906842b,abc-8784.txt,2022-10-13 00:00:00
4be45cf7-085d-4e57-af3c-e8a84c41d202,abc-9267.txt,2022-08-05 00:00:00
89d3809f-d99e-421b-abbc-48bc071999ef,abc-8120.txt,2022-08-19 00:00:00
4b24b21c-c704-4316-aa29-a0f518a187e1,abc-1619.txt,2022-04-27 00:00:00
27601dc2-0b57-4de1-9ec0-9501c057cf5f,abc-2162.txt,2022-06-29 00:00:00
7173f718-c860-48b1-ac24-8406631ccfac,abc-2241.txt,2022-02-01 00:00:00
6429b0e1-4f8e-40f5-9625-80a7db14aeeb,abc-5341.txt,2022-09-03 00:00:00
0d351b05-30b9-41f4-9ec8-1686756923a9,abc-8853.txt,2022-11-20 00:00:00
e9d31100-0a05-4bcb-894b-dad24507a322,abc-1621.txt,2022-06-14 00:00:00
bf693287-82b2-4334-b559-43ca7d50f898,abc-3336.txt,2022-01-16 00:00:00
9627c3d0-f317-4ad9-a622-10fc26420a78,abc-2049.txt,2022-01-26 00:00:00
70436e58-0f1f-4954-a145-99b670dd0676,abc-5742.txt,2022-05-16 00:00:00
f0b75750-3a58-42a3-a5dc-d687c742f2a7,abc-7894.txt,2022-12-12 00:00:00
f5fa3667-1a7e-41eb-8e24-f93199ec1e56,abc-8319.txt,2022-01-19 00:00:00
30ed7ae0-94d4-4eeb-af3f-71217c94e912,abc-2064.txt,2022-08-15 00:00:00
0a64fce2-8ca8-4140-97ea-6ec8451c1e0d,abc-9941.txt,2022-10-04 00:00:00
dd56c973-ad67-4b83-a587-cd0c87d5b27c,abc-8740.txt,2022-10-14 00:00:00
7b5feb7a-2ffb-46bc-a5c5-764247b97483,abc-4194.txt,2022-01-20 00:00:00
0d118119-df4c-4653-84b6-4281903114ae,abc-8762.txt,2022-01-06 00:00:00
4f6eac3c-f7c2-4e2b-819e-33f679a43e10,abc-1112.txt,2022-11-17 00:00:00
d435c992-a85e-4fb0-bae2-95980848dea6,abc-8344.txt,2022-08-08 00:00:00
cdffdf91-b5e3-4216-8384-3222488329bf,abc-6950.txt,2022-09-30 00:00:00
80d835ae-3227-4af2-bbcb-86e653fd964e,abc-6977.txt,2022-03-09 00:00:00
cbdb39a5-6200-4a40-bc4f-8e6c81f1c59f,abc-2533.txt,2022-11-24 00:00:00
7a52c808-7ed9-4883-bb36-f943439be67f,abc-4208.txt,2022-02-03 00:00:00
a9c418a7-3472-4f40-a2c9-d270e00bee6f,abc-6858.txt,2022-08-18 00:00:00
8c68bef6-d6da-4fdb-8a6a-3c43a5f9d293,abc-1209.txt,2022-01-13 00:00:00
d216aa1e-b1f2-4105-b16f-d0d58710bee9,abc-1623.txt,2022-03-22 00:00:00
f3091801-36b1-4dce-9c5a-0585f78bd460,abc-5993.txt,2022-12-11 00:00:00
911aa459-85ce-49fc-8de8-164ef3e2e0f8,abc-4213.txt,2022-06-05 00:00:00
4df04e76-9117-41d5-8f05-4ad1d565e42f,abc-6826.txt,2022-09-30 00:00:00
49f39536-0464-41df-a91f-d5fbfb38fc86,abc-1786.txt,2022-05-02 00:00:00
fb48255d-cfd8-47ef-8aff-2117d90a2aa1,abc-6045.txt,2022-10-19 00:00:00
f561bce0-1ea6-45ba-ad2e-a64add4f0d38,abc-1058.txt,2022-11-13 00:00:00
0687a5f3-ae4b-4371-8afa-0f20c101e70b,abc-1804.txt,2022-11-16 00:00:00
61b0861b-3328-43b9-b4b6-f730d22fab11,abc-5446.txt,2022-12-18 00:00:00
08d09d94-bb26-438f-b177-cdf7c6c27da8,abc-9365.txt,2022-04-10 00:00:00
8e546319-222e-48b4-8404-f43fec589d41,abc-7718.txt,2022-12-30 00:00:00
8f78a55e-a2dd-4947-8ed1-b86b84e8a1f8,abc-8126.txt,2022-03-09 00:00:00
68e2d6a0-1c07-408e-8edb-ecd95b6c87e0,abc-1731.txt,2022-03-31 00:00:00
62cafa18-3b05-4811-84c4-64a49830e3d6,abc-6519.txt,2022-08-17 00:00:00
ad25e268-255c-4afe-a945-33f815b18f7e,abc-3707.txt,2022-10-31 00:00:00
65257b46-6e39-4ebb-a6cb-466e7dd50df8,abc-8688.txt,2022-12-20 00:00:00
68f3171e-a79a-474b-ad7d-8a3f394d1ba6,abc-8094.txt,2022-09-25 00:00:00
97ed817b-c1df-44ac-9145-6702eeaf2ac4,abc-5212.txt,2022-08-11 00:00:00
d6eee729-6f3f-4c5c-b7b7-fbc5421d4c82,abc-2929.txt,2022-09-06 00:00:00
b9e2a7d8-19dc-4d2f-8e42-556014d0f34f,abc-3561.txt,2022-10-23 00:00:00
4aba5ac2-bf3c-4110-81d1-845a463f4703,abc-7147.txt,2022-09-12 00:00:00
fd57f376-06ab-4154-bea5-9d4864145b25,abc-4640.txt,2022-07-18 00:00:00
6cab1445-2710-40e5-a54e-1901f1e18a14,abc-4760.txt,2022-10-07 00:00:00
cfaa205d-a175-4cb9-a9fb-7cec85eabe48,abc-7527.txt,2022-07-15 00:00:00
9ffc1805-cc22-4b47-9283-faff6ff19766,abc-4981.txt,2022-01-01 00:00:00
a900da02-4cd1-4a77-9795-88d88f16fef3,abc-5785.txt,2022-08-23 00:00:00
8bb959d6-3ace-4e88-a49e-2efc82e9dd65,abc-3203.txt,2022-04-04 00:00:00
024aabb9-df1a-468d-99d8-0bda827b5244,abc-4509.txt,2022-02-13 00:00:00
fd799c4d-66c2-41b5-bda1-ef6367ad7754,abc-4485.txt,2022-12-08 00:00:00
cf503a2c-f045-4e47-b63a-8cabf1a21269,abc-7411.txt,2022-09-18 00:00:00
1d25bf65-e6b7-4427-b9e4-3c8caa41f92b,abc-7194.txt,2022-05-23 00:00:00
c37101aa-10e8-457c-9655-546ace5f3248,abc-6224.txt,2022-07-21 00:00:00
97dace92-2812-44df-b955-2cda75c56357,abc-4039.txt,2022-07-02 00:00:00
b2634298-38f0-44ce-af26-1b17007393db,abc-6335.txt,2022-11-22 00:00:00
a9140981-c5d2-496e-b87c-e067a5d7920a,abc-2741.txt,2022-09-26 00:00:00
97953275-9970-44f6-a094-9a54d44364c0,abc-7385.txt,2022-09-03 00:00:00
48d8467c-1431-494f-855a-8f09b1ca6ede,abc-4209.txt,2022-08-13 00:00:00
c88ce712-6c14-4bab-90a8-5d7813ac1042,abc-3480.txt,2022-05-03 00:00:00
47aff14b-2781-4daa-b01b-597cd5e53dc5,abc-7552.txt,2022-01-21 00:00:00
17fc66ba-18e5-44e9-a2cd-9a8180b7d57e,abc-2108.txt,2022-10-16 00:00:00
07229656-004d-433d-b53c-dc16d3e36675,abc-1756.txt,2022-06-07 00:00:00
b64ca0ae-b3fc-4b8f-8675-0315dac97bdb,abc-3444.txt,2022-10-08 00:00:00
e97ab34c-b87a-4437-bacd-742279bd4bb7,abc-6661.txt,2022-11-26 00:00:00
4d96cc39-0a1c-4e17-87aa-a6d36b6f8af2,abc-2629.txt,2022-01-13 00:00:00
5e40dd53-6d53-4545-b565-23e3c296249d,abc-6456.txt,2022-12-17 00:00:00
e847cd10-667f-41de-9d42-42bd08b1c989,abc-5396.txt,2022-01-24 00:00:00
168fb361-4271-4301-a21d-0999e704e088,abc-5847.txt,2022-11-26 00:00:00
f7fc9141-0734-459c-8f9e-7c7da8236cb7,abc-2204.txt,2022-04-09 00:00:00
971979d7-0401-4cf2-b5ab-1bf5f4bc5381,abc-8183.txt,2022-10-07 00:00:00
2a9e49e9-c52a-419e-aa13-fef8e00ff2d0,abc-7078.txt,2022-08-30 00:00:00
24992fe3-ad75-41c1-b072-233c9f01f7a2,abc-2503.txt,2022-08-23 00:00:00
d5d7175f-8b28-4454-8737-5aeecb71f152,abc-7238.txt,2022-12-31 00:00:00
d3310fac-939e-4201-9d25-923f359865b5,abc-1186.txt,2022-05-26 00:00:00
a40500f9-ef2e-4193-a2ae-6cb0803d3e16,abc-4944.txt,2022-11-22 00:00:00
7aa5a1bf-7036-471c-a0cd-789c69a44ec1,abc-2044.txt,2022-09-03 00:00:00
7bdf6838-47ef-416a-a9c6-3e1073d68462,abc-3286.txt,2022-04-11 00:00:00
9615039d-a4ef-4a0e-8596-43b34656c096,abc-7210.txt,2022-10-22 00:00:00
a8efa02a-ac62-4215-9017-b6c1d99f2ee0,abc-4833.txt,2022-03-15 00:00:00
c4cd63da-ef86-4596-9c7c-78e5e66f7e55,abc-6268.txt,2022-10-14 00:00:00
a4ad0bef-72bc-40e6-93d2-244233bcbedb,abc-1376.txt,2022-08-27 00:00:00
6753f7bf-c638-4438-a873-fd0a22ec9ba1,abc-9596.txt,2022-06-01 00:00:00
0e28e307-8441-4500-b2a3-b59050ac81ad,abc-3389.txt,2022-07-21 00:00:00
1924c146-6041-422a-8d5d-7e4fc5e59b3b,abc-3266.txt,2022-09-04 00:00:00
b788fcfd-8705-40ae-bd10-c1a7056fc775,abc-8897.txt,2022-07-06 00:00:00
6e1a930d-23c3-411f-8536-87e2299a0454,abc-4079.txt,2022-01-25 00:00:00
7566ad5b-3752-43be-a9c0-5a815c99c4b6,abc-3894.txt,2022-09-01 00:00:00
a4fd63dd-e1a7-4058-aec0-3d099757cf66,abc-8345.txt,2022-05-23 00:00:00
5c63aa91-9d6e-435a-9895-a2325c0bfe86,abc-6459.txt,2022-03-14 00:00:00
fec8d098-04ff-424c-b0df-952599f7b885,abc-8786.txt,2022-11-13 00:00:00
0b1221f6-c669-4a94-a6bd-4ac5337a1303,abc-4196.txt,2022-12-13 00:00:00
9cbbeeed-eff5-4b63-a26a-7e50396b2435,abc-2210.txt,2022-10-15 00:00:00
c42ff873-b385-471f-b432-8bdb9d6e958d,abc-1694.txt,2022-04-01 00:00:00
1b2742b6-5a74-4a17-9d4c-301b5e29f7ac,abc-5514.txt,2022-01-07 00:00:00
6fbd4e3d-3a3a-489d-bbc5-f91ac7d2e505,abc-6288.txt,2022-07-31 00:00:00
0ee3bb33-8f1e-4fdc-978f-6bf3d64b3e64,abc-7662.txt,2022-06-03 00:00:00
a2a2bee9-9836-4118-80a0-7e3153192af7,abc-8878.txt,2022-09-02 00:00:00
f94cd0d1-e925-4e08-be26-d1dd1de753f0,abc-3813.txt,2022-09-27 00:00:00
961ee17d-35c8-4f00-ad7f-e0e97a32fe17,abc-4191.txt,2022-11-11 00:00:00
340f14df-efb6-4d3b-a2c9-29dbe801557e,abc-9856.txt,2022-10-24 00:00:00
99af6215-eb46-48c4-9a5b-f6fbb43bc6a8,abc-7352.txt,2022-02-17 00:00:00
72f973ef-df5a-4195-b8fa-73f3bcbf76af,abc-1168.txt,2022-07-05 00:00:00
617bd526-0d0e-42db-a813-a2cb93e78780,abc-9275.txt,2022-05-31 00:00:00
3e52be8c-d13f-4c14-9eda-b08a5fa36d98,abc-3486.txt,2022-09-26 00:00:00
d919fd91-3fbc-40ac-b827-432de38985e7,abc-9641.txt,2022-08-10 00:00:00
cc1b4e35-05b9-4c2d-affe-414835c3f67b,abc-4511.txt,2022-10-23 00:00:00
c9d5a742-6ff6-4875-a7b6-870e8fa253af,abc-7276.txt,2022-09-15 00:00:00
eb150361-8c36-47a0-be3f-e6e32189e2c0,abc-1795.txt,2022-12-15 00:00:00
08c9de0c-429e-4140-820b-fcde77c952a5,abc-1852.txt,2022-01-21 00:00:00
ee89065b-64d0-49e2-a897-bf152acae0dd,abc-7001.txt,2022-02-16 00:00:00
2b07eda2-194b-44c9-b587-323f9883ece8,abc-4091.txt,2022-06-26 00:00:00
6ebe54bb-c3d6-4794-ae23-aa5ffe94b8cb,abc-8929.txt,2022-06-06 00:00:00
b30716bf-788b-4af3-9933-21d8fcd0c454,abc-2963.txt,2022-07-13 00:00:00
2a1048f8-bc08-4793-9bab-925bbf4700c9,abc-3547.txt,2022-02-06 00:00:00
8a2c5c00-728c-434d-a5fc-6410178efb45,abc-5597.txt,2022-01-19 00:00:00
17917d04-61cc-4f82-a82b-0c143a61b19e,abc-4173.txt,2022-12-14 00:00:00
b80d5f04-e396-4185-8eb0-01f77ac1811e,abc-4822.txt,2022-12-01 00:00:00
466709d7-528a-4a9e-90bf-9fd7afd85c91,abc-6669.txt,2022-10-03 00:00:00
d3d57f8e-1a54-4351-8055-ea34bc964c51,abc-3001.txt,2022-02-04 00:00:00
d932d32a-518d-4193-a39f-bd3bc6af71d1,abc-7407.txt,2022-06-07 00:00:00
6f8fb2ae-71c0-40ff-9413-6431502e69fb,abc-6542.txt,2022-07-17 00:00:00
1f03e865-24db-4fae-807a-418459ee48af,abc-9571.txt,2022-08-30 00:00:00
db7fd6c7-90b3-456a-bc6c-ced9f2b0204c,abc-8975.txt,2022-11-11 00:00:00
c71ffe5c-82b6-40fc-83fd-fef2da0b5c67,abc-6920.txt,2022-01-19 00:00:00
62c5d092-53c4-4700-a9e8-fe942393f542,abc-1783.txt,2022-08-25 00:00:00
5cfdc79c-d4e6-40f8-b657-7b2a5202c2ec,abc-8265.txt,2022-05-19 00:00:00
3660c4f8-305e-46ef-91f0-ea2c17f75481,abc-8306.txt,2022-04-02 00:00:00
3ef734fa-6229-445c-9d93-e374f77706e0,abc-1082.txt,2022-09-17 00:00:00
08857691-57ab-4156-a456-b3c6b0af7f5c,abc-3721.txt,2022-07-01 00:00:00
fc61137b-6118-4065-8b7d-c52c14ecbc9a,abc-1864.txt,2022-02-24 00:00:00
436a465f-099f-4d81-80f3-0d0c249d3f10,abc-9916.txt,2022-04-28 00:00:00
4f760a6d-8ebf-409d-b610-5d03db8ccef5,abc-5880.txt,2022-04-22 00:00:00
5a022a9a-9e5e-4569-8685-d9c63c99874f,abc-2333.txt,2022-05-01 00:00:00
2c82f60f-309f-4943-8eab-26369fe1b195,abc-3416.txt,2022-12-11 00:00:00
8757c6e1-7d35-47d8-93a8-db4ed468a861,abc-2305.txt,2022-12-03 00:00:00
65a4677d-a88c-475d-815f-7ecb8874537e,abc-2060.txt,2022-11-02 00:00:00
13f433b7-43e7-4f62-9893-2ee2d0de644c,abc-2836.txt,2022-08-14 00:00:00
f2114de5-9c88-4aaa-805e-d186d3e6cd34,abc-9402.txt,2022-05-13 00:00:00
ff02023b-a8c6-4b62-806a-3e32e6d9e5bc,abc-3446.txt,2022-09-20 00:00:00
7f603d88-6a9d-4b17-9985-c4a6e1e88ee3,abc-2769.txt,2022-03-02 00:00:00
9a8c9c0c-9e14-4c8e-a405-b3655a17994b,abc-2160.txt,2022-06-03 00:00:00
b274426e-bdbf-4b0a-8947-71cd8801e92d,abc-7842.txt,2022-01-20 00:00:00
c590fc7a-9307-4996-b96d-dc91061b569f,abc-1766.txt,2022-07-02 00:00:00
17c74b86-383f-41e7-b7dc-cfc534bc191f,abc-1053.txt,2022-11-12 00:00:00
7c061df9-581b-49c6-ab59-d7c7930e5f14,abc-5945.txt,2022-10-22 00:00:00
